id_cliente,mes,idade,profissao,salario_anual,num_contas,num_cartoes,juros_emprestimo,num_emprestimos,dias_atraso,num_pagamentos_atrasados,num_verificacoes_credito,mix_credito,divida_total,taxa_uso_credito,idade_historico_credito,investimento_mensal,comportamento_pagamento,saldo_final_mes,score_credito,emprestimo_carro,emprestimo_casa,emprestimo_pessoal,emprestimo_credito,emprestimo_estudantil
10406,8,49.0,escritor,35207.73,4.0,7.0,5.0,2.0,11.0,8.0,2.0,Bom,871.67,27.458910718977588,300.0,60.332482370732,baixo_gasto_pagamento_baixo,264.9920526987503,Poor,1,0,0,0,0
4024,1,43.0,arquiteto,34636.64,3.0,1.0,9.0,4.0,1.0,9.0,4.0,Bom,644.87,34.412167620538604,281.0,44.64257498850454,alto_gasto_pagamento_medio,409.324718482937,Good,0,0,0,1,0
4024,2,44.0,arquiteto,34636.64,3.0,1.0,9.0,4.0,3.0,9.0,4.0,Bom,644.87,36.16694648462201,282.0,44.64257498850454,alto_gasto_pagamento_medio,349.20551308520186,Good,0,0,0,1,0
4024,3,44.0,arquiteto,34636.64,3.0,1.0,9.0,4.0,1.0,9.0,4.0,Bom,644.87,24.20956772426924,283.0,44.64257498850454,alto_gasto_pagamento_medio,344.8302055003411,Good,0,0,0,1,0
4024,4,44.0,arquiteto,34636.64,3.0,1.0,9.0,4.0,1.0,9.0,4.0,Bom,644.87,39.04657189096125,284.0,44.64257498850454,baixo_gasto_pagamento_baixo,275.4273474313253,Standard,0,0,0,1,0
4024,5,44.0,arquiteto,34636.64,3.0,1.0,9.0,4.0,3.0,9.0,4.0,Bom,644.87,37.31661123817232,285.0,44.64257498850454,alto_gasto_pagamento_baixos,357.97774710096087,Good,0,0,0,1,0
4024,6,44.0,arquiteto,34636.64,3.0,1.0,9.0,4.0,1.0,9.0,4.0,Bom,644.87,38.295951180550695,286.0,44.64257498850454,alto_gasto_pagamento_medio,415.5820201179839,Good,0,0,0,1,0
4024,7,44.0,arquiteto,34636.64,3.0,1.0,9.0,4.0,1.0,9.0,4.0,Bom,644.87,38.95985930060957,287.0,44.64257498850454,baixo_gasto_pagamento_baixo,251.5906854299752,Good,0,0,0,1,0
4024,8,44.0,arquiteto,34636.64,3.0,1.0,9.0,4.0,1.0,10.0,4.0,Bom,644.87,26.50211006977356,288.0,44.64257498850454,alto_gasto_pagamento_alto,389.7322134561853,Good,0,0,0,1,0
34298,1,22.0,musico,83126.24,9.0,8.0,34.0,4.0,62.0,17.0,7.0,Ruim,2331.17,39.40306655288257,111.0,53.00095831079759,alto_gasto_pagamento_medio,551.0665056460397,Poor,0,1,0,0,1
34298,2,23.0,musico,83126.24,9.0,8.0,34.0,4.0,62.0,20.0,7.0,Ruim,2331.17,39.86691426923665,111.0,53.00095831079759,alto_gasto_pagamento_alto,673.2942377906355,Poor,0,1,0,0,1
34298,3,23.0,musico,83126.24,9.0,8.0,34.0,4.0,62.0,20.0,7.0,Ruim,2331.17,23.624969827332325,112.0,53.00095831079759,baixo_gasto_pagamento_medio,49.34642456861695,Poor,0,1,0,0,1
34298,4,23.0,musico,83126.24,9.0,8.0,34.0,4.0,62.0,20.0,7.0,Ruim,2331.17,40.396801480489664,113.0,53.00095831079759,alto_gasto_pagamento_baixos,516.2878793461364,Poor,0,1,0,0,1
34298,5,23.0,musico,83126.24,9.0,8.0,34.0,4.0,62.0,21.0,7.0,Ruim,2331.17,39.61014072900553,114.0,53.00095831079759,alto_gasto_pagamento_alto,630.7870130454388,Poor,0,1,0,0,1
34298,6,23.0,musico,83126.24,9.0,8.0,34.0,4.0,62.0,21.0,7.0,Ruim,2331.17,30.231505070937143,115.0,53.00095831079759,alto_gasto_pagamento_baixos,390.879599644024,Poor,0,1,0,0,1
34298,7,23.0,musico,83126.24,9.0,8.0,34.0,4.0,62.0,20.0,7.0,Ruim,2331.17,23.51260683612956,116.0,53.00095831079759,baixo_gasto_pagamento_baixo,100.11271658051444,Standard,0,1,0,0,1
34298,8,23.0,musico,83126.24,9.0,8.0,34.0,4.0,62.0,20.0,7.0,Ruim,2331.17,33.637130330472594,117.0,53.00095831079759,alto_gasto_pagamento_medio,556.1648332208313,Standard,0,1,0,0,1
9481,1,14.0,empresario,37777.92,3.0,4.0,20.0,5.0,30.0,18.0,9.0,Normal,1336.0,34.768714624437386,101.0,38.21170331765335,alto_gasto_pagamento_baixos,291.98673633121035,Poor,0,1,1,0,1
9481,2,14.0,empresario,37777.92,3.0,4.0,20.0,5.0,30.0,20.0,9.0,Normal,1336.0,24.945342498809843,102.0,38.21170331765335,baixo_gasto_pagamento_baixo,304.28223801209924,Poor,0,1,1,0,1
9481,3,14.0,empresario,37777.92,3.0,4.0,20.0,5.0,30.0,20.0,9.0,Normal,1336.0,38.74401811262956,103.0,38.21170331765335,baixo_gasto_pagamento_baixo,181.6339401498875,Poor,0,1,1,0,1
9481,4,14.0,empresario,37777.92,3.0,4.0,20.0,5.0,30.0,20.0,9.0,Normal,1336.0,26.778224086272697,104.0,38.21170331765335,alto_gasto_pagamento_medio,393.1129286101314,Poor,0,1,1,0,1
9481,5,15.0,empresario,37777.92,3.0,4.0,20.0,5.0,30.0,20.0,9.0,Normal,1336.0,30.94464545028081,105.0,38.21170331765335,alto_gasto_pagamento_baixos,293.1177613432146,Standard,0,1,1,0,1
9481,6,15.0,empresario,37777.92,3.0,4.0,20.0,5.0,32.0,20.0,9.0,Normal,1336.0,30.55880818930005,106.0,38.21170331765335,alto_gasto_pagamento_medio,416.87634692644366,Poor,0,1,1,0,1
9481,7,15.0,empresario,37777.92,3.0,4.0,20.0,5.0,30.0,20.0,9.0,Normal,1336.0,37.49555901466504,107.0,38.21170331765335,baixo_gasto_pagamento_baixo,260.7458401498275,Poor,0,1,1,0,1
9481,8,15.0,empresario,37777.92,3.0,4.0,20.0,5.0,35.0,20.0,9.0,Normal,1336.0,24.20114506904224,108.0,38.21170331765335,alto_gasto_pagamento_medio,352.33171494797983,Poor,0,1,1,0,1
19814,1,44.0,desenvolvedor,27292.5,5.0,6.0,8.0,4.0,28.0,17.0,4.0,Normal,1434.18,31.56960214751515,69.0,24.63042606427465,alto_gasto_pagamento_medio,308.3464792189506,Standard,0,1,1,0,0
19814,2,44.0,desenvolvedor,27292.5,5.0,6.0,8.0,4.0,28.0,15.0,4.0,Normal,1434.18,37.9659402038901,69.0,24.63042606427465,alto_gasto_pagamento_medio,307.3321053696774,Standard,0,1,1,0,0
19814,3,44.0,desenvolvedor,27292.5,5.0,6.0,8.0,4.0,28.0,15.0,4.0,Normal,1434.18,27.7981345201454,70.0,24.63042606427465,alto_gasto_pagamento_medio,239.107353469484,Standard,0,1,1,0,0
19814,4,44.0,desenvolvedor,27292.5,5.0,6.0,8.0,4.0,28.0,15.0,4.0,Normal,1434.18,25.479602649910497,71.0,24.63042606427465,alto_gasto_pagamento_alto,336.0340751908676,Standard,0,1,1,0,0
19814,5,44.0,desenvolvedor,27292.5,5.0,6.0,8.0,4.0,28.0,17.0,4.0,Normal,1434.18,30.000976467631784,72.0,24.63042606427465,alto_gasto_pagamento_alto,352.1698705972376,Standard,0,1,1,0,0
19814,6,45.0,desenvolvedor,27292.5,5.0,6.0,8.0,4.0,28.0,15.0,4.0,Normal,1434.18,23.032329509465143,73.0,24.63042606427465,baixo_gasto_pagamento_medio,355.79917010862846,Standard,0,1,1,0,0
19814,7,45.0,desenvolvedor,27292.5,5.0,6.0,8.0,4.0,28.0,19.0,4.0,Normal,1434.18,39.505096196822784,74.0,24.63042606427465,alto_gasto_pagamento_medio,365.76319734750143,Standard,0,1,1,0,0
19814,8,45.0,desenvolvedor,27292.5,5.0,6.0,8.0,4.0,28.0,16.0,4.0,Normal,1434.18,36.87147068504714,75.0,24.63042606427465,baixo_gasto_pagamento_baixo,251.86775962846667,Standard,0,1,1,0,0
41393,1,41.0,arquiteto,84373.31999999999,2.0,5.0,2.0,2.0,9.0,3.0,0.0,Bom,1390.19,29.61047232059412,271.0,97.0468360943883,alto_gasto_pagamento_medio,695.7721725480671,Standard,0,1,0,0,1
41393,2,41.0,arquiteto,84373.31999999999,2.0,5.0,2.0,2.0,9.0,0.0,0.0,Bom,1390.19,30.71003549730937,272.0,97.0468360943883,alto_gasto_pagamento_baixos,438.23794370653417,Standard,0,1,0,0,1
41393,3,41.0,arquiteto,84373.31999999999,2.0,5.0,2.0,2.0,9.0,0.0,0.0,Bom,1390.19,38.67346654801245,273.0,97.0468360943883,alto_gasto_pagamento_medio,586.7641303222971,Standard,0,1,0,0,1
41393,4,41.0,arquiteto,84373.31999999999,2.0,5.0,2.0,2.0,14.0,0.0,0.0,Bom,1390.19,25.478387154091784,274.0,97.0468360943883,baixo_gasto_pagamento_medio,428.5377361543198,Standard,0,1,0,0,1
41393,5,41.0,arquiteto,84373.31999999999,2.0,5.0,2.0,2.0,9.0,0.0,0.0,Bom,1390.19,31.97558843088755,275.0,97.0468360943883,alto_gasto_pagamento_alto,729.6762274424389,Standard,0,1,0,0,1
41393,6,41.0,arquiteto,84373.31999999999,2.0,5.0,2.0,2.0,7.0,0.0,0.0,Bom,1390.19,28.309553915006703,276.0,97.0468360943883,alto_gasto_pagamento_baixos,572.0046426172506,Standard,0,1,0,0,1
41393,7,41.0,arquiteto,84373.31999999999,2.0,5.0,2.0,2.0,6.0,0.0,0.0,Bom,1390.19,33.173313082639936,277.0,97.0468360943883,alto_gasto_pagamento_alto,753.2329857926003,Standard,0,1,0,0,1
41393,8,41.0,arquiteto,84373.31999999999,2.0,5.0,2.0,2.0,9.0,0.0,0.0,Bom,1390.19,37.803333418171576,278.0,97.0468360943883,alto_gasto_pagamento_baixos,422.1671164229686,Standard,0,1,0,0,1
36577,1,53.0,jornalista,59999.02,4.0,4.0,11.0,2.0,12.0,12.0,0.0,Bom,543.44,23.53448844064408,382.0,68.82861484406007,baixo_gasto_pagamento_baixo,386.4292578426381,Good,0,1,1,0,0
36577,2,53.0,jornalista,59999.02,4.0,4.0,11.0,2.0,12.0,15.0,0.0,Bom,543.44,29.74800850734123,383.0,68.82861484406007,alto_gasto_pagamento_baixos,329.9338734537777,Good,0,1,1,0,0
36577,3,53.0,jornalista,59999.02,4.0,4.0,11.0,2.0,12.0,14.0,0.0,Bom,543.44,38.41849675799193,384.0,68.82861484406007,alto_gasto_pagamento_medio,508.80721885200063,Good,0,1,1,0,0
36577,4,53.0,jornalista,59999.02,4.0,4.0,11.0,2.0,12.0,12.0,0.0,Bom,543.44,26.00190036159209,385.0,68.82861484406007,alto_gasto_pagamento_medio,220.33301072663664,Standard,0,1,1,0,0
36577,5,53.0,jornalista,59999.02,4.0,4.0,11.0,2.0,17.0,12.0,0.0,Bom,543.44,39.687543890104216,386.0,68.82861484406007,baixo_gasto_pagamento_medio,521.0674680220161,Standard,0,1,1,0,0
36577,6,53.0,jornalista,59999.02,4.0,4.0,11.0,2.0,7.0,9.0,0.0,Bom,543.44,26.41736001105573,387.0,68.82861484406007,baixo_gasto_pagamento_medio,320.1421195026396,Good,0,1,1,0,0
36577,7,53.0,jornalista,59999.02,4.0,4.0,11.0,2.0,17.0,12.0,0.0,Bom,543.44,27.076633518651928,388.0,68.82861484406007,alto_gasto_pagamento_alto,535.417234834596,Good,0,1,1,0,0
36577,8,53.0,jornalista,59999.02,4.0,4.0,11.0,2.0,8.0,12.0,0.0,Bom,543.44,39.75559841632957,389.0,68.82861484406007,baixo_gasto_pagamento_medio,552.6563530430011,Standard,0,1,1,0,0
10966,1,16.0,cientista,7127.455,10.0,5.0,34.0,6.0,15.0,23.0,9.0,Ruim,2698.32,23.51540093910607,94.0,27.907593045045022,baixo_gasto_pagamento_medio,253.88946397450007,Standard,0,1,1,1,0
10966,2,16.0,cientista,7127.455,10.0,5.0,34.0,6.0,15.0,23.0,9.0,Ruim,2698.32,29.8658970633962,95.0,27.907593045045022,baixo_gasto_pagamento_baixo,259.801393656241,Standard,0,1,1,1,0
10966,3,16.0,cientista,7127.455,10.0,5.0,34.0,6.0,14.0,25.0,9.0,Ruim,2698.32,35.63296301182048,96.0,27.907593045045022,baixo_gasto_pagamento_baixo,263.3338312177876,Standard,0,1,1,1,0
10966,4,16.0,cientista,7127.455,10.0,5.0,34.0,6.0,15.0,25.0,9.0,Ruim,2698.32,25.179248186973947,97.0,27.907593045045022,baixo_gasto_pagamento_baixo,265.94222642957595,Standard,0,1,1,1,0
10966,5,16.0,cientista,7127.455,10.0,5.0,34.0,6.0,15.0,23.0,9.0,Ruim,2698.32,30.47545657219992,98.0,27.907593045045022,baixo_gasto_pagamento_baixo,296.181740502817,Standard,0,1,1,1,0
10966,6,16.0,cientista,7127.455,10.0,5.0,34.0,6.0,20.0,20.0,9.0,Ruim,2698.32,31.89718879309359,99.0,27.907593045045022,baixo_gasto_pagamento_baixo,257.4258911215745,Standard,0,1,1,1,0
10966,7,17.0,cientista,7127.455,10.0,5.0,34.0,6.0,15.0,23.0,9.0,Ruim,2698.32,27.827133388474564,100.0,27.907593045045022,baixo_gasto_pagamento_baixo,305.4935669257748,Standard,0,1,1,1,0
10966,8,17.0,cientista,7127.455,10.0,5.0,34.0,6.0,15.0,25.0,9.0,Ruim,2698.32,33.33360883668988,101.0,27.907593045045022,baixo_gasto_pagamento_baixo,266.01248733368334,Standard,0,1,1,1,0
41507,1,23.0,engenheiro,28253.33,1.0,6.0,5.0,4.0,3.0,9.0,3.0,Bom,1104.91,39.21718054614725,304.0,33.93956580337796,baixo_gasto_pagamento_baixo,340.99469640146907,Standard,1,1,0,0,1
41507,2,24.0,engenheiro,28253.33,1.0,6.0,5.0,4.0,6.0,9.0,6.0,Bom,1104.91,39.56172961904097,305.0,33.93956580337796,baixo_gasto_pagamento_baixo,137.51679113367663,Good,1,1,0,0,1
41507,3,24.0,engenheiro,28253.33,1.0,6.0,5.0,4.0,3.0,9.0,6.0,Bom,1104.91,32.190045570059034,306.0,33.93956580337796,baixo_gasto_pagamento_baixo,187.3586710327252,Good,1,1,0,0,1
41507,4,24.0,engenheiro,28253.33,1.0,6.0,5.0,4.0,3.0,6.0,6.0,Bom,1104.91,30.816926441322927,307.0,33.93956580337796,alto_gasto_pagamento_baixos,270.7197793653133,Good,1,1,0,0,1
41507,5,24.0,engenheiro,28253.33,1.0,6.0,5.0,4.0,3.0,12.0,6.0,Bom,1104.91,31.96707922573687,308.0,33.93956580337796,baixo_gasto_pagamento_baixo,241.0849321402531,Good,1,1,0,0,1
41507,6,24.0,engenheiro,28253.33,1.0,6.0,5.0,4.0,3.0,9.0,6.0,Bom,1104.91,38.72218473438325,309.0,33.93956580337796,alto_gasto_pagamento_alto,334.36203285641955,Good,1,1,0,0,1
41507,7,24.0,engenheiro,28253.33,1.0,6.0,5.0,4.0,3.0,8.0,6.0,Bom,1104.91,31.000119519448013,310.0,33.93956580337796,alto_gasto_pagamento_medio,347.3968195290338,Good,1,1,0,0,1
41507,8,24.0,engenheiro,28253.33,1.0,6.0,5.0,4.0,7.0,9.0,6.0,Bom,1104.91,25.3512787596024,311.0,33.93956580337796,baixo_gasto_pagamento_baixo,297.6058823853592,Good,1,1,0,0,1
44776,1,19.0,mecanico,19268.3,4.0,5.0,16.0,4.0,8.0,19.0,6.0,Normal,2220.34,30.20822599497656,207.0,49.42049580591688,baixo_gasto_pagamento_medio,346.41769010782275,Poor,1,1,0,1,0
44776,2,19.0,mecanico,19268.3,4.0,5.0,16.0,4.0,8.0,18.0,6.0,Normal,2220.34,31.69384136742336,208.0,49.42049580591688,baixo_gasto_pagamento_medio,246.25658157886608,Poor,1,1,0,1,0
44776,3,19.0,mecanico,19268.3,4.0,5.0,16.0,4.0,7.0,19.0,6.0,Normal,2220.34,27.55577378654356,209.0,49.42049580591688,baixo_gasto_pagamento_baixo,346.141862368374,Standard,1,1,0,1,0
44776,4,19.0,mecanico,19268.3,4.0,5.0,16.0,4.0,9.0,19.0,6.0,Normal,2220.34,33.3536717890801,210.0,49.42049580591688,baixo_gasto_pagamento_alto,315.37840675364066,Poor,1,1,0,1,0
44776,5,20.0,mecanico,19268.3,4.0,5.0,16.0,4.0,8.0,19.0,6.0,Normal,2220.34,36.69952574786622,211.0,49.42049580591688,baixo_gasto_pagamento_baixo,252.33078917264007,Poor,1,1,0,1,0
44776,6,20.0,mecanico,19268.3,4.0,5.0,16.0,4.0,12.0,19.0,6.0,Normal,2220.34,35.0912604543222,212.0,49.42049580591688,alto_gasto_pagamento_baixos,269.31625052999414,Poor,1,1,0,1,0
44776,7,20.0,mecanico,19268.3,4.0,5.0,16.0,4.0,8.0,19.0,6.0,Normal,2220.34,36.597150172004525,213.0,49.42049580591688,alto_gasto_pagamento_medio,301.3030864062459,Poor,1,1,0,1,0
44776,8,20.0,mecanico,19268.3,4.0,5.0,16.0,4.0,8.0,19.0,6.0,Normal,2220.34,38.6464718877364,214.0,49.42049580591688,baixo_gasto_pagamento_baixo,208.2459673140985,Poor,1,1,0,1,0
21452,1,25.0,contador,147327.8,5.0,5.0,7.0,1.0,8.0,19.0,8.0,Normal,738.15,26.017560583475927,218.0,297.0646696156627,baixo_gasto_pagamento_medio,171.94399974749902,Standard,0,0,0,0,0
21452,2,26.0,contador,147327.8,5.0,5.0,7.0,1.0,8.0,19.0,8.0,Normal,738.15,42.250917286204455,219.0,297.0646696156627,baixo_gasto_pagamento_alto,739.3134520900184,Standard,0,0,0,0,0
21452,3,26.0,contador,147327.8,5.0,5.0,7.0,1.0,8.0,20.0,8.0,Normal,738.15,37.2754553809494,220.0,297.0646696156627,baixo_gasto_pagamento_baixo,185.68890623736684,Standard,0,0,0,0,0
21452,4,26.0,contador,147327.8,5.0,5.0,7.0,1.0,5.0,19.0,8.0,Normal,738.15,39.24395110386667,221.0,297.0646696156627,baixo_gasto_pagamento_medio,698.4278419148685,Poor,0,0,0,0,0
21452,5,26.0,contador,147327.8,5.0,5.0,7.0,1.0,8.0,19.0,8.0,Normal,738.15,43.1919236411096,222.0,297.0646696156627,baixo_gasto_pagamento_alto,1091.769387106716,Poor,0,0,0,0,0
21452,6,26.0,contador,147327.8,5.0,5.0,7.0,1.0,8.0,20.0,8.0,Normal,738.15,29.209544185177563,223.0,297.0646696156627,baixo_gasto_pagamento_alto,993.1094980201356,Poor,0,0,0,0,0
21452,7,26.0,contador,147327.8,5.0,5.0,7.0,1.0,8.0,19.0,11.0,Normal,738.15,40.522988874081136,224.0,297.0646696156627,alto_gasto_pagamento_alto,171.94399974749902,Poor,0,0,0,0,0
21452,8,26.0,contador,147327.8,5.0,5.0,7.0,1.0,8.0,18.0,11.0,Normal,738.15,36.89767185573631,225.0,297.0646696156627,alto_gasto_pagamento_medio,1038.464822418242,Standard,0,0,0,0,0
35961,1,34.0,cientista,47732.88,6.0,7.0,26.0,2.0,9.0,10.0,6.0,Normal,1558.93,25.50298050358341,157.0,50.54395448116792,baixo_gasto_pagamento_medio,423.4312338239685,Poor,0,0,1,0,0
35961,2,34.0,cientista,47732.88,6.0,7.0,26.0,2.0,9.0,10.0,6.0,Normal,1558.93,30.42123529783288,158.0,50.54395448116792,baixo_gasto_pagamento_alto,368.43373222267184,Poor,0,0,1,0,0
35961,3,34.0,cientista,47732.88,6.0,7.0,26.0,2.0,10.0,8.0,6.0,Normal,1558.93,38.59405105077684,159.0,50.54395448116792,alto_gasto_pagamento_medio,491.3154405542177,Poor,0,0,1,0,0
35961,4,34.0,cientista,47732.88,6.0,7.0,26.0,2.0,9.0,10.0,6.0,Normal,1558.93,31.78876057587439,160.0,50.54395448116792,alto_gasto_pagamento_medio,535.1588485349434,Poor,0,0,1,0,0
35961,5,34.0,cientista,47732.88,6.0,7.0,26.0,2.0,9.0,10.0,9.0,Normal,1558.93,29.467844517844487,161.0,50.54395448116792,alto_gasto_pagamento_baixos,510.3592979398931,Poor,0,0,1,0,0
35961,6,34.0,cientista,47732.88,6.0,7.0,26.0,2.0,6.0,10.0,9.0,Normal,1558.93,32.072866202428145,162.0,50.54395448116792,alto_gasto_pagamento_baixos,351.73948546470984,Poor,0,0,1,0,0
35961,7,34.0,cientista,47732.88,6.0,7.0,26.0,2.0,4.0,10.0,9.0,Normal,1558.93,37.6096214387033,163.0,50.54395448116792,alto_gasto_pagamento_baixos,492.0016018745594,Poor,0,0,1,0,0
35961,8,34.0,cientista,47732.88,6.0,7.0,26.0,2.0,9.0,10.0,9.0,Normal,1558.93,31.96409799966872,164.0,50.54395448116792,alto_gasto_pagamento_alto,492.7840729742592,Poor,0,0,1,0,0
30205,1,28.0,medico,13180.99,5.0,4.0,12.0,4.0,16.0,15.0,1.0,Normal,1437.02,33.788066194132405,280.0,25.60501171802705,baixo_gasto_pagamento_alto,300.60699685232584,Standard,1,0,1,0,0
30205,2,28.0,medico,13180.99,5.0,4.0,12.0,4.0,13.0,15.0,1.0,Normal,1437.02,37.27245539121847,281.0,25.60501171802705,baixo_gasto_pagamento_baixo,232.8529200328339,Standard,1,0,1,0,0
30205,3,28.0,medico,13180.99,5.0,4.0,12.0,4.0,13.0,15.0,1.0,Normal,1437.02,36.520181196388,282.0,25.60501171802705,baixo_gasto_pagamento_baixo,310.5386798865238,Standard,1,0,1,0,0
30205,4,28.0,medico,13180.99,5.0,4.0,12.0,4.0,15.0,14.0,1.0,Normal,1437.02,25.031304034861943,283.0,25.60501171802705,baixo_gasto_pagamento_alto,298.4583505264937,Standard,1,0,1,0,0
30205,5,28.0,medico,13180.99,5.0,4.0,12.0,4.0,13.0,18.0,1.0,Normal,1437.02,37.08256697956517,284.0,25.60501171802705,baixo_gasto_pagamento_baixo,239.22496426304008,Standard,1,0,1,0,0
30205,6,28.0,medico,13180.99,5.0,4.0,12.0,4.0,13.0,14.0,1.0,Normal,1437.02,33.333043179630266,285.0,25.60501171802705,baixo_gasto_pagamento_baixo,312.1765703340542,Standard,1,0,1,0,0
30205,7,28.0,medico,13180.99,5.0,4.0,12.0,4.0,13.0,15.0,6.0,Normal,1437.02,29.365045874446764,286.0,25.60501171802705,baixo_gasto_pagamento_medio,273.69019158020507,Good,1,0,1,0,0
30205,8,28.0,medico,13180.99,5.0,4.0,12.0,4.0,13.0,15.0,6.0,Normal,1437.02,25.39538198421417,287.0,25.60501171802705,alto_gasto_pagamento_medio,270.7952364355112,Good,1,0,1,0,0
36633,1,32.0,arquiteto,69981.32,6.0,10.0,27.0,6.0,47.0,15.0,10.0,Ruim,2927.56,34.80963485960641,67.0,40.03375949131836,baixo_gasto_pagamento_medio,462.2222596073197,Poor,1,1,0,1,0
36633,2,32.0,arquiteto,69981.32,6.0,10.0,27.0,6.0,47.0,13.0,10.0,Ruim,2927.56,26.619100619408464,68.0,40.03375949131836,alto_gasto_pagamento_baixos,477.7471215805828,Poor,1,1,0,1,0
36633,3,33.0,arquiteto,69981.32,6.0,10.0,27.0,6.0,47.0,15.0,10.0,Ruim,2927.56,31.792819891487373,69.0,40.03375949131836,baixo_gasto_pagamento_baixo,160.94238053896532,Poor,1,1,0,1,0
36633,4,33.0,arquiteto,69981.32,6.0,10.0,27.0,6.0,47.0,15.0,10.0,Ruim,2927.56,33.061953629946586,70.0,40.03375949131836,baixo_gasto_pagamento_medio,450.825582936116,Standard,1,1,0,1,0
36633,5,33.0,arquiteto,69981.32,6.0,10.0,27.0,6.0,47.0,15.0,10.0,Ruim,2927.56,28.26799525650073,71.0,40.03375949131836,alto_gasto_pagamento_medio,493.963381239111,Poor,1,1,0,1,0
36633,6,33.0,arquiteto,69981.32,6.0,10.0,27.0,6.0,47.0,15.0,13.0,Ruim,2927.56,39.711293849571,72.0,40.03375949131836,alto_gasto_pagamento_alto,540.9072356982103,Poor,1,1,0,1,0
36633,7,33.0,arquiteto,69981.32,6.0,10.0,27.0,6.0,43.0,15.0,13.0,Ruim,2927.56,34.74529699369489,73.0,40.03375949131836,alto_gasto_pagamento_alto,538.2597090336807,Standard,1,1,0,1,0
36633,8,33.0,arquiteto,69981.32,6.0,10.0,27.0,6.0,51.0,15.0,13.0,Ruim,2927.56,24.35279512632536,74.0,40.03375949131836,baixo_gasto_pagamento_medio,160.94238053896532,Poor,1,1,0,1,0
9678,1,34.0,professor,31253.18,1.0,3.0,5.0,3.0,8.0,10.0,1.0,Bom,342.3,34.49574724806942,201.0,23.18015745550272,baixo_gasto_pagamento_baixo,315.07843560031904,Good,0,1,1,0,0
9678,2,34.0,professor,31253.18,1.0,3.0,5.0,3.0,8.0,7.0,1.0,Bom,342.3,24.34634135154277,202.0,23.18015745550272,baixo_gasto_pagamento_baixo,344.3524586346544,Good,0,1,1,0,0
9678,3,34.0,professor,31253.18,1.0,3.0,5.0,3.0,8.0,10.0,1.0,Bom,342.3,33.469202800735545,203.0,23.18015745550272,alto_gasto_pagamento_medio,411.5361689056095,Good,0,1,1,0,0
9678,4,34.0,professor,31253.18,1.0,3.0,5.0,3.0,8.0,8.0,1.0,Bom,342.3,37.93355762167523,204.0,23.18015745550272,baixo_gasto_pagamento_baixo,214.5717747533805,Good,0,1,1,0,0
9678,5,34.0,professor,31253.18,1.0,3.0,5.0,3.0,10.0,10.0,1.0,Bom,342.3,29.75825800337779,205.0,23.18015745550272,alto_gasto_pagamento_medio,419.2990830282503,Good,0,1,1,0,0
9678,6,34.0,professor,31253.18,1.0,3.0,5.0,3.0,8.0,10.0,1.0,Bom,342.3,33.56269070230975,206.0,23.18015745550272,baixo_gasto_pagamento_alto,388.2190567416176,Good,0,1,1,0,0
9678,7,34.0,professor,31253.18,1.0,3.0,5.0,3.0,8.0,10.0,1.0,Bom,342.3,30.23947500175245,207.0,23.18015745550272,alto_gasto_pagamento_medio,365.8475243342788,Good,0,1,1,0,0
9678,8,34.0,professor,31253.18,1.0,3.0,5.0,3.0,8.0,10.0,1.0,Bom,342.3,36.37364712235347,208.0,23.18015745550272,alto_gasto_pagamento_baixos,351.3279759274621,Good,0,1,1,0,0
46758,1,15.0,gerente,33735.42,7.0,5.0,24.0,7.0,38.0,25.0,6.0,Ruim,2717.2,26.56562405873643,107.0,27.00413257707737,alto_gasto_pagamento_baixos,279.7056161128637,Standard,1,0,0,1,1
46758,2,15.0,gerente,33735.42,7.0,5.0,24.0,7.0,38.0,25.0,6.0,Ruim,2717.2,22.39295189451224,108.0,27.00413257707737,baixo_gasto_pagamento_baixo,219.1300358620844,Standard,1,0,0,1,1
46758,3,15.0,gerente,33735.42,7.0,5.0,24.0,7.0,38.0,25.0,6.0,Ruim,2717.2,28.339483201349463,109.0,27.00413257707737,alto_gasto_pagamento_alto,254.56026941156009,Standard,1,0,0,1,1
46758,4,15.0,gerente,33735.42,7.0,5.0,24.0,7.0,38.0,25.0,6.0,Ruim,2717.2,37.11791343015992,110.0,27.00413257707737,alto_gasto_pagamento_medio,288.8808517308137,Standard,1,0,0,1,1
46758,5,15.0,gerente,33735.42,7.0,5.0,24.0,7.0,38.0,25.0,6.0,Ruim,2717.2,27.58670191854778,111.0,27.00413257707737,baixo_gasto_pagamento_baixo,36.57897497292674,Standard,1,0,0,1,1
46758,6,15.0,gerente,33735.42,7.0,5.0,24.0,7.0,38.0,25.0,6.0,Ruim,2717.2,31.075515642094565,112.0,27.00413257707737,baixo_gasto_pagamento_alto,242.4438549476216,Standard,1,0,0,1,1
46758,7,15.0,gerente,33735.42,7.0,5.0,24.0,7.0,38.0,25.0,6.0,Ruim,2717.2,32.58947460141711,113.0,27.00413257707737,baixo_gasto_pagamento_medio,231.69445541409087,Standard,1,0,0,1,1
46758,8,15.0,gerente,33735.42,7.0,5.0,24.0,7.0,38.0,25.0,6.0,Ruim,2717.2,32.19195810255145,114.0,27.00413257707737,alto_gasto_pagamento_alto,291.48661402060503,Standard,1,0,0,1,1
15137,1,35.0,empresario,8312.085,8.0,5.0,18.0,2.0,6.0,11.0,10.0,Normal,1945.67,36.60445838233764,76.0,12.284048529018738,baixo_gasto_pagamento_medio,284.48218769794585,Poor,0,0,0,0,0
15137,2,35.0,empresario,8312.085,8.0,5.0,18.0,2.0,7.0,11.0,10.0,Normal,1945.67,38.9192177150509,76.0,12.284048529018738,baixo_gasto_pagamento_baixo,305.51473472723063,Poor,0,0,0,0,0
15137,3,35.0,empresario,8312.085,8.0,5.0,18.0,2.0,6.0,11.0,10.0,Normal,1945.67,27.26667574599421,77.0,12.284048529018738,baixo_gasto_pagamento_baixo,306.7938330336537,Poor,0,0,0,0,0
15137,4,35.0,empresario,8312.085,8.0,5.0,18.0,2.0,6.0,11.0,10.0,Normal,1945.67,23.747299426169587,78.0,12.284048529018738,baixo_gasto_pagamento_medio,295.12310611328616,Standard,0,0,0,0,0
15137,5,35.0,empresario,8312.085,8.0,5.0,18.0,2.0,6.0,11.0,10.0,Normal,1945.67,28.11797086900617,79.0,12.284048529018738,baixo_gasto_pagamento_medio,310.36139895802256,Standard,0,0,0,0,0
15137,6,35.0,empresario,8312.085,8.0,5.0,18.0,2.0,6.0,11.0,10.0,Normal,1945.67,34.65280037140134,80.0,12.284048529018738,alto_gasto_pagamento_alto,273.8489689032589,Standard,0,0,0,0,0
15137,7,35.0,empresario,8312.085,8.0,5.0,18.0,2.0,6.0,11.0,10.0,Normal,1945.67,33.2652869527244,81.0,12.284048529018738,baixo_gasto_pagamento_baixo,307.04491473564275,Standard,0,0,0,0,0
15137,8,35.0,empresario,8312.085,8.0,5.0,18.0,2.0,6.0,11.0,14.0,Normal,1945.67,27.65670244568877,82.0,12.284048529018738,baixo_gasto_pagamento_alto,280.44135694417605,Standard,0,0,0,0,0
16962,1,52.0,escritor,18458.05,7.0,7.0,6.0,3.0,19.0,12.0,4.0,Normal,705.4,26.942193278509,325.0,60.69834237773704,baixo_gasto_pagamento_baixo,305.6794558358858,Standard,1,0,0,0,0
16962,2,52.0,escritor,18458.05,7.0,7.0,6.0,3.0,19.0,12.0,4.0,Normal,705.4,35.715748480268005,326.0,60.69834237773704,baixo_gasto_pagamento_baixo,224.15891654694323,Standard,1,0,0,0,0
16962,3,52.0,escritor,18458.05,7.0,7.0,6.0,3.0,20.0,13.0,4.0,Normal,705.4,39.28714982747039,327.0,60.69834237773704,baixo_gasto_pagamento_medio,256.6396396924392,Standard,1,0,0,0,0
16962,4,52.0,escritor,18458.05,7.0,7.0,6.0,3.0,19.0,15.0,4.0,Normal,705.4,27.274876568913804,328.0,60.69834237773704,baixo_gasto_pagamento_baixo,204.2101132265116,Standard,1,0,0,0,0
16962,5,52.0,escritor,18458.05,7.0,7.0,6.0,3.0,19.0,9.0,4.0,Normal,705.4,33.11314695485664,329.0,60.69834237773704,baixo_gasto_pagamento_medio,300.13488263132734,Standard,1,0,0,0,0
16962,6,52.0,escritor,18458.05,7.0,7.0,6.0,3.0,19.0,12.0,4.0,Normal,705.4,36.64354726757725,330.0,60.69834237773704,baixo_gasto_pagamento_baixo,274.9079592390448,Standard,1,0,0,0,0
16962,7,52.0,escritor,18458.05,7.0,7.0,6.0,3.0,19.0,15.0,4.0,Normal,705.4,29.173534934112524,331.0,60.69834237773704,baixo_gasto_pagamento_baixo,267.0255705619897,Standard,1,0,0,0,0
16962,8,52.0,escritor,18458.05,7.0,7.0,6.0,3.0,19.0,11.0,4.0,Normal,705.4,39.25786314832639,332.0,60.69834237773704,baixo_gasto_pagamento_alto,267.0727459189297,Standard,1,0,0,0,0
31134,1,52.0,advogado,22385.16,8.0,7.0,17.0,1.0,28.0,8.0,0.0,Normal,234.62,39.11243025559602,188.0,28.91137638330834,baixo_gasto_pagamento_medio,304.32865855364435,Standard,0,0,0,0,1
31134,2,52.0,advogado,22385.16,8.0,7.0,17.0,1.0,28.0,11.0,0.0,Normal,234.62,23.811958024809112,189.0,28.91137638330834,baixo_gasto_pagamento_baixo,348.2002682308568,Standard,0,0,0,0,1
31134,3,52.0,advogado,22385.16,8.0,7.0,17.0,1.0,28.0,11.0,0.0,Normal,234.62,30.46309120199743,190.0,28.91137638330834,alto_gasto_pagamento_alto,393.3989090394452,Standard,0,0,0,0,1
31134,4,52.0,advogado,22385.16,8.0,7.0,17.0,1.0,28.0,10.0,0.0,Normal,234.62,40.36813978549144,191.0,28.91137638330834,alto_gasto_pagamento_alto,390.6932766108181,Standard,0,0,0,0,1
31134,5,53.0,advogado,22385.16,8.0,7.0,17.0,1.0,28.0,9.0,0.0,Normal,234.62,38.07294999069556,192.0,28.91137638330834,baixo_gasto_pagamento_baixo,373.2910394151878,Standard,0,0,0,0,1
31134,6,53.0,advogado,22385.16,8.0,7.0,17.0,1.0,28.0,11.0,0.0,Normal,234.62,27.69982538084111,193.0,28.91137638330834,baixo_gasto_pagamento_alto,366.09058424408494,Standard,0,0,0,0,1
31134,7,53.0,advogado,22385.16,8.0,7.0,17.0,1.0,28.0,11.0,0.0,Normal,234.62,37.954996909330895,194.0,28.91137638330834,alto_gasto_pagamento_baixos,412.0868832680732,Standard,0,0,0,0,1
31134,8,53.0,advogado,22385.16,8.0,7.0,17.0,1.0,28.0,10.0,0.0,Normal,234.62,36.39996901923219,195.0,28.91137638330834,baixo_gasto_pagamento_baixo,230.4159074659578,Standard,0,0,0,0,1
6160,1,35.0,desenvolvedor,57651.98,4.0,5.0,7.0,3.0,15.0,0.0,0.0,Bom,568.45,34.35133297736922,358.0,91.8340361329365,baixo_gasto_pagamento_medio,414.83184543267583,Good,0,1,0,0,0
6160,2,35.0,desenvolvedor,57651.98,4.0,5.0,7.0,3.0,15.0,1.0,0.0,Bom,568.45,31.48409018364252,359.0,91.8340361329365,alto_gasto_pagamento_baixos,544.6429646572419,Good,0,1,0,0,0
6160,3,35.0,desenvolvedor,57651.98,4.0,5.0,7.0,3.0,15.0,0.0,0.0,Bom,568.45,31.105873352659632,360.0,91.8340361329365,baixo_gasto_pagamento_medio,155.39350004596747,Standard,0,1,0,0,0
6160,4,35.0,desenvolvedor,57651.98,4.0,5.0,7.0,3.0,15.0,0.0,0.0,Bom,568.45,36.68182636048425,361.0,91.8340361329365,alto_gasto_pagamento_medio,498.7115869575258,Good,0,1,0,0,0
6160,5,36.0,desenvolvedor,57651.98,4.0,5.0,7.0,3.0,15.0,3.0,0.0,Bom,568.45,41.249579043282594,362.0,91.8340361329365,alto_gasto_pagamento_baixos,389.3121715905298,Standard,0,1,0,0,0
6160,6,36.0,desenvolvedor,57651.98,4.0,5.0,7.0,3.0,15.0,0.0,0.0,Bom,568.45,33.379994260050914,363.0,91.8340361329365,baixo_gasto_pagamento_baixo,97.7464368467127,Good,0,1,0,0,0
6160,7,36.0,desenvolvedor,57651.98,4.0,5.0,7.0,3.0,15.0,0.0,0.0,Bom,568.45,38.12258139499768,364.0,91.8340361329365,baixo_gasto_pagamento_alto,278.20365923579857,Good,0,1,0,0,0
6160,8,36.0,desenvolvedor,57651.98,4.0,5.0,7.0,3.0,15.0,3.0,3.0,Bom,568.45,25.92319315383484,365.0,91.8340361329365,baixo_gasto_pagamento_alto,366.41409248154434,Good,0,1,0,0,0
15349,1,24.0,jornalista,96815.91,2.0,5.0,1.0,0.0,7.0,6.0,1.0,Bom,1257.64,33.83866475650776,361.0,65.51302104395508,alto_gasto_pagamento_alto,980.2862289560452,Standard,0,0,0,0,0
15349,2,24.0,jornalista,96815.91,2.0,5.0,1.0,0.0,12.0,6.0,1.0,Bom,1257.64,26.27620296957669,362.0,65.51302104395508,alto_gasto_pagamento_alto,907.0476828643672,Standard,0,0,0,0,0
15349,3,24.0,jornalista,96815.91,2.0,5.0,1.0,0.0,5.0,6.0,1.0,Bom,1257.64,30.78085565914405,363.0,65.51302104395508,alto_gasto_pagamento_baixos,561.5824571026965,Standard,0,0,0,0,0
15349,4,24.0,jornalista,96815.91,2.0,5.0,1.0,0.0,7.0,4.0,3.0,Bom,1257.64,28.6565589332237,364.0,65.51302104395508,alto_gasto_pagamento_alto,852.6006021030837,Standard,0,0,0,0,0
15349,5,24.0,jornalista,96815.91,2.0,5.0,1.0,0.0,10.0,6.0,3.0,Bom,1257.64,28.686799624941468,365.0,65.51302104395508,baixo_gasto_pagamento_baixo,44.10865607932693,Standard,0,0,0,0,0
15349,6,24.0,jornalista,96815.91,2.0,5.0,1.0,0.0,7.0,6.0,3.0,Bom,1257.64,43.127090627048496,366.0,65.51302104395508,alto_gasto_pagamento_baixos,888.2282756312602,Standard,0,0,0,0,0
15349,7,24.0,jornalista,96815.91,2.0,5.0,1.0,0.0,7.0,4.0,3.0,Bom,1257.64,26.574207616820942,367.0,65.51302104395508,alto_gasto_pagamento_medio,785.3216682749775,Standard,0,0,0,0,0
15349,8,24.0,jornalista,96815.91,2.0,5.0,1.0,0.0,7.0,6.0,3.0,Bom,1257.64,32.78170406673909,368.0,65.51302104395508,baixo_gasto_pagamento_baixo,425.0202397530431,Standard,0,0,0,0,0
35257,1,27.0,jornalista,37085.98,7.0,5.0,9.0,6.0,12.0,14.0,6.0,Normal,1224.04,29.1880361469197,94.0,33.984446164539726,baixo_gasto_pagamento_baixo,242.897062102,Standard,1,1,0,0,0
35257,2,27.0,jornalista,37085.98,7.0,5.0,9.0,6.0,9.0,14.0,6.0,Normal,1224.04,33.0379500068672,95.0,33.984446164539726,alto_gasto_pagamento_alto,387.0019286941901,Standard,1,1,0,0,0
35257,3,27.0,jornalista,37085.98,7.0,5.0,9.0,6.0,9.0,12.0,6.0,Normal,1224.04,38.841367370689,96.0,33.984446164539726,alto_gasto_pagamento_alto,418.2636374903645,Standard,1,1,0,0,0
35257,4,27.0,jornalista,37085.98,7.0,5.0,9.0,6.0,9.0,11.0,6.0,Normal,1224.04,30.5220721518276,97.0,33.984446164539726,alto_gasto_pagamento_baixos,359.89423373211184,Standard,1,1,0,0,0
35257,5,27.0,jornalista,37085.98,7.0,5.0,9.0,6.0,9.0,16.0,6.0,Normal,1224.04,35.38400563710699,98.0,33.984446164539726,alto_gasto_pagamento_alto,391.175267284157,Standard,1,1,0,0,0
35257,6,27.0,jornalista,37085.98,7.0,5.0,9.0,6.0,9.0,14.0,6.0,Normal,1224.04,27.072876259270863,99.0,33.984446164539726,baixo_gasto_pagamento_baixo,233.3671760675328,Standard,1,1,0,0,0
35257,7,27.0,jornalista,37085.98,7.0,5.0,9.0,6.0,7.0,14.0,6.0,Normal,1224.04,28.814692688335267,100.0,33.984446164539726,baixo_gasto_pagamento_baixo,171.02279299365534,Standard,1,1,0,0,0
35257,8,27.0,jornalista,37085.98,7.0,5.0,9.0,6.0,9.0,16.0,6.0,Normal,1224.04,34.73750546276734,101.0,33.984446164539726,baixo_gasto_pagamento_baixo,371.17578534975576,Standard,1,1,0,0,0
21101,1,17.0,medico,131737.72,4.0,5.0,8.0,0.0,5.0,9.0,5.0,Normal,1299.86,35.20695869344328,313.0,103.12387174714829,baixo_gasto_pagamento_medio,900.5396815904395,Standard,0,0,0,0,0
21101,2,17.0,medico,131737.72,4.0,5.0,8.0,0.0,14.0,9.0,5.0,Normal,1299.86,33.5612443502538,314.0,103.12387174714829,alto_gasto_pagamento_alto,1173.9083143624227,Standard,0,0,0,0,0
21101,3,17.0,medico,131737.72,4.0,5.0,8.0,0.0,9.0,11.0,5.0,Normal,1299.86,36.811596545675,315.0,103.12387174714829,alto_gasto_pagamento_medio,1032.8233828384698,Standard,0,0,0,0,0
21101,4,17.0,medico,131737.72,4.0,5.0,8.0,0.0,9.0,9.0,5.0,Normal,1299.86,38.096050943951525,316.0,103.12387174714829,alto_gasto_pagamento_alto,1118.9737445699263,Standard,0,0,0,0,0
21101,5,17.0,medico,131737.72,4.0,5.0,8.0,0.0,9.0,9.0,5.0,Normal,1299.86,37.61582711532885,317.0,103.12387174714829,alto_gasto_pagamento_alto,1146.4780720764654,Standard,0,0,0,0,0
21101,6,17.0,medico,131737.72,4.0,5.0,8.0,0.0,9.0,9.0,5.0,Normal,1299.86,38.04420133250306,318.0,103.12387174714829,alto_gasto_pagamento_alto,683.6427466969335,Standard,0,0,0,0,0
21101,7,17.0,medico,131737.72,4.0,5.0,8.0,0.0,9.0,9.0,5.0,Normal,1299.86,36.05547783961265,319.0,103.12387174714829,alto_gasto_pagamento_baixos,683.6427466969335,Standard,0,0,0,0,0
21101,8,17.0,medico,131737.72,4.0,5.0,8.0,0.0,9.0,9.0,5.0,Normal,1299.86,37.0988964222129,320.0,103.12387174714829,baixo_gasto_pagamento_medio,1007.0934166901328,Standard,0,0,0,0,0
11974,1,26.0,mecanico,57582.42,6.0,10.0,25.0,9.0,43.0,20.0,8.0,Ruim,3805.38,33.54928453211137,139.0,62.90489137213356,baixo_gasto_pagamento_baixo,10.631888252275814,Poor,1,1,0,1,0
11974,2,27.0,mecanico,57582.42,6.0,10.0,25.0,9.0,43.0,20.0,8.0,Ruim,3805.38,34.760315520575816,140.0,62.90489137213356,baixo_gasto_pagamento_baixo,144.42617219456216,Poor,1,1,0,1,0
11974,3,27.0,mecanico,57582.42,6.0,10.0,25.0,9.0,43.0,20.0,8.0,Ruim,3805.38,37.830235293732684,141.0,62.90489137213356,baixo_gasto_pagamento_medio,111.74524095595832,Poor,1,1,0,1,0
11974,4,27.0,mecanico,57582.42,6.0,10.0,25.0,9.0,43.0,20.0,8.0,Ruim,3805.38,38.34699328707013,142.0,62.90489137213356,alto_gasto_pagamento_medio,164.80047473131816,Standard,1,1,0,1,0
11974,5,27.0,mecanico,57582.42,6.0,10.0,25.0,9.0,43.0,20.0,8.0,Ruim,3805.38,27.64373951761853,143.0,62.90489137213356,alto_gasto_pagamento_medio,106.01512559839836,Standard,1,1,0,1,0
11974,6,27.0,mecanico,57582.42,6.0,10.0,25.0,9.0,43.0,20.0,8.0,Ruim,3805.38,28.280593527778912,144.0,62.90489137213356,alto_gasto_pagamento_alto,181.52046983101047,Standard,1,1,0,1,0
11974,7,27.0,mecanico,57582.42,6.0,10.0,25.0,9.0,43.0,20.0,8.0,Ruim,3805.38,24.168441874863085,145.0,62.90489137213356,baixo_gasto_pagamento_baixo,10.631888252275814,Standard,1,1,0,1,0
11974,8,27.0,mecanico,57582.42,6.0,10.0,25.0,9.0,43.0,18.0,8.0,Ruim,3805.38,31.142839990634656,146.0,62.90489137213356,alto_gasto_pagamento_alto,156.05837453419824,Standard,1,1,0,1,0
42277,1,53.0,musico,63407.82,1.0,3.0,4.0,4.0,4.0,7.0,0.0,Bom,768.25,28.198095600550765,229.0,38.227963024386895,baixo_gasto_pagamento_alto,379.93457180171663,Good,1,0,0,0,1
42277,2,53.0,musico,63407.82,1.0,3.0,4.0,4.0,4.0,2.0,0.0,Bom,768.25,29.041477154586072,230.0,38.227963024386895,baixo_gasto_pagamento_baixo,334.7199094577878,Standard,1,0,0,0,1
42277,3,53.0,musico,63407.82,1.0,3.0,4.0,4.0,1.0,4.0,4.0,Bom,768.25,39.70255144963942,231.0,38.227963024386895,baixo_gasto_pagamento_baixo,219.2777769482405,Good,1,0,0,0,1
42277,4,53.0,musico,63407.82,1.0,3.0,4.0,4.0,4.0,1.0,4.0,Bom,768.25,37.71812280022007,232.0,38.227963024386895,baixo_gasto_pagamento_baixo,219.2777769482405,Good,1,0,0,0,1
42277,5,53.0,musico,63407.82,1.0,3.0,4.0,4.0,4.0,4.0,4.0,Bom,768.25,38.163572789127386,233.0,38.227963024386895,alto_gasto_pagamento_alto,471.47503264376303,Good,1,0,0,0,1
42277,6,53.0,musico,63407.82,1.0,3.0,4.0,4.0,4.0,4.0,4.0,Bom,768.25,26.77574265657793,234.0,38.227963024386895,alto_gasto_pagamento_medio,423.3211488966679,Good,1,0,0,0,1
42277,7,53.0,musico,63407.82,1.0,3.0,4.0,4.0,4.0,4.0,4.0,Bom,768.25,36.452158394839394,235.0,38.227963024386895,baixo_gasto_pagamento_baixo,219.2777769482405,Standard,1,0,0,0,1
42277,8,53.0,musico,63407.82,1.0,3.0,4.0,4.0,4.0,2.0,4.0,Bom,768.25,29.33524566810325,236.0,38.227963024386895,baixo_gasto_pagamento_baixo,415.11529254928047,Standard,1,0,0,0,1
9745,1,37.0,arquiteto,17919.005,1.0,5.0,8.0,0.0,5.0,4.0,2.0,Bom,69.03,36.8074863773983,231.0,16.367278945362298,baixo_gasto_pagamento_medio,294.6349900884102,Standard,0,0,0,0,0
9745,2,37.0,arquiteto,17919.005,1.0,5.0,8.0,0.0,5.0,4.0,2.0,Bom,69.03,30.86653700992073,232.0,16.367278945362298,alto_gasto_pagamento_baixos,331.9295371901859,Standard,0,0,0,0,0
9745,3,37.0,arquiteto,17919.005,1.0,5.0,8.0,0.0,9.0,4.0,2.0,Bom,69.03,38.41657224990917,233.0,16.367278945362298,baixo_gasto_pagamento_medio,311.70710967998235,Standard,0,0,0,0,0
9745,4,37.0,arquiteto,17919.005,1.0,5.0,8.0,0.0,5.0,4.0,4.0,Bom,69.03,35.052163232650145,234.0,16.367278945362298,baixo_gasto_pagamento_medio,337.30310531492586,Poor,0,0,0,0,0
9745,5,37.0,arquiteto,17919.005,1.0,5.0,8.0,0.0,5.0,4.0,2.0,Bom,69.03,35.58928925936383,235.0,16.367278945362298,baixo_gasto_pagamento_baixo,360.08209574124777,Poor,0,0,0,0,0
9745,6,37.0,arquiteto,17919.005,1.0,5.0,8.0,0.0,5.0,7.0,4.0,Bom,69.03,30.03887633710959,236.0,16.367278945362298,baixo_gasto_pagamento_medio,333.4784525253753,Poor,0,0,0,0,0
9745,7,37.0,arquiteto,17919.005,1.0,5.0,8.0,0.0,5.0,4.0,4.0,Bom,69.03,35.62591250069249,237.0,16.367278945362298,alto_gasto_pagamento_medio,339.0726819192411,Standard,0,0,0,0,0
9745,8,37.0,arquiteto,17919.005,1.0,5.0,8.0,0.0,5.0,2.0,4.0,Bom,69.03,30.109954212457065,238.0,16.367278945362298,baixo_gasto_pagamento_medio,238.87105361663487,Standard,0,0,0,0,0
41810,1,26.0,mecanico,10437.765,10.0,6.0,16.0,5.0,55.0,23.0,8.0,Ruim,1824.45,34.327831118642074,214.0,18.659339485047084,alto_gasto_pagamento_baixos,263.5397043970047,Poor,0,1,0,1,0
41810,2,26.0,mecanico,10437.765,10.0,6.0,16.0,5.0,55.0,21.0,8.0,Ruim,1824.45,34.85909570696966,215.0,18.659339485047084,baixo_gasto_pagamento_alto,292.6600434293648,Poor,0,1,0,1,0
41810,3,26.0,mecanico,10437.765,10.0,6.0,16.0,5.0,55.0,23.0,8.0,Ruim,1824.45,32.548098067039106,216.0,18.659339485047084,alto_gasto_pagamento_baixos,281.5137029796515,Standard,0,1,0,1,0
41810,4,26.0,mecanico,10437.765,10.0,6.0,16.0,5.0,55.0,23.0,8.0,Ruim,1824.45,25.17849726254549,217.0,18.659339485047084,alto_gasto_pagamento_baixos,270.43707355639964,Poor,0,1,0,1,0
41810,5,26.0,mecanico,10437.765,10.0,6.0,16.0,5.0,55.0,23.0,8.0,Ruim,1824.45,30.41770461328213,218.0,18.659339485047084,baixo_gasto_pagamento_medio,261.61983346104785,Poor,0,1,0,1,0
41810,6,27.0,mecanico,10437.765,10.0,6.0,16.0,5.0,55.0,23.0,8.0,Ruim,1824.45,38.287457758205136,219.0,18.659339485047084,baixo_gasto_pagamento_medio,266.75630716402344,Poor,0,1,0,1,0
41810,7,27.0,mecanico,10437.765,10.0,6.0,16.0,5.0,54.0,20.0,8.0,Ruim,1824.45,30.40742947110291,220.0,18.659339485047084,baixo_gasto_pagamento_baixo,282.42505613276586,Poor,0,1,0,1,0
41810,8,27.0,mecanico,10437.765,10.0,6.0,16.0,5.0,55.0,20.0,8.0,Ruim,1824.45,24.99857837840604,221.0,18.659339485047084,baixo_gasto_pagamento_medio,258.4688043476308,Poor,0,1,0,1,0
6891,1,18.0,professor,38253.64,1.0,3.0,2.0,3.0,7.0,0.0,0.0,Bom,843.89,29.082082695206505,251.0,44.42909678475565,baixo_gasto_pagamento_alto,399.70713159287214,Standard,0,0,1,0,1
6891,2,18.0,professor,38253.64,1.0,3.0,2.0,3.0,8.0,0.0,0.0,Bom,843.89,29.736990970360907,252.0,44.42909678475565,baixo_gasto_pagamento_baixo,306.36239188813613,Standard,0,0,1,0,1
6891,3,18.0,professor,38253.64,1.0,3.0,2.0,3.0,6.0,0.0,0.0,Bom,843.89,37.233677561311225,253.0,44.42909678475565,alto_gasto_pagamento_medio,456.1742524923919,Standard,0,0,1,0,1
6891,4,18.0,professor,38253.64,1.0,3.0,2.0,3.0,11.0,0.0,0.0,Bom,843.89,31.195243876062044,254.0,44.42909678475565,baixo_gasto_pagamento_alto,303.9345153787364,Good,0,0,1,0,1
6891,5,19.0,professor,38253.64,1.0,3.0,2.0,3.0,7.0,3.0,1.0,Bom,843.89,35.52271399986141,255.0,44.42909678475565,alto_gasto_pagamento_baixos,420.735525384108,Good,0,0,1,0,1
6891,6,19.0,professor,38253.64,1.0,3.0,2.0,3.0,7.0,0.0,1.0,Bom,843.89,30.05129948165401,256.0,44.42909678475565,baixo_gasto_pagamento_baixo,406.6762002454112,Good,0,0,1,0,1
6891,7,19.0,professor,38253.64,1.0,3.0,2.0,3.0,4.0,3.0,1.0,Bom,843.89,35.77192460677801,257.0,44.42909678475565,alto_gasto_pagamento_baixos,394.247337063772,Good,0,0,1,0,1
6891,8,19.0,professor,38253.64,1.0,3.0,2.0,3.0,5.0,0.0,1.0,Bom,843.89,28.549220840187715,258.0,44.42909678475565,alto_gasto_pagamento_alto,470.49553626297273,Good,0,0,1,0,1
34433,1,28.0,advogado,38791.68,6.0,9.0,30.0,9.0,24.0,23.0,10.0,Ruim,3772.55,37.736859570591946,29.0,59.3410877269671,alto_gasto_pagamento_alto,309.5616088855731,Standard,1,0,1,1,0
34433,2,28.0,advogado,38791.68,6.0,9.0,30.0,9.0,21.0,23.0,10.0,Ruim,3772.55,25.238130025003013,30.0,59.3410877269671,alto_gasto_pagamento_medio,297.3858960013191,Poor,1,0,1,1,0
34433,3,28.0,advogado,38791.68,6.0,9.0,30.0,9.0,21.0,23.0,10.0,Ruim,3772.55,38.349226350532525,31.0,59.3410877269671,baixo_gasto_pagamento_alto,289.3414114625365,Standard,1,0,1,1,0
34433,4,28.0,advogado,38791.68,6.0,9.0,30.0,9.0,21.0,23.0,10.0,Ruim,3772.55,39.05793725223226,32.0,59.3410877269671,alto_gasto_pagamento_medio,303.78044206930696,Poor,1,0,1,1,0
34433,5,28.0,advogado,38791.68,6.0,9.0,30.0,9.0,17.0,23.0,13.0,Ruim,3772.55,24.029470015982213,33.0,59.3410877269671,baixo_gasto_pagamento_baixo,303.7950511778784,Poor,1,0,1,1,0
34433,6,28.0,advogado,38791.68,6.0,9.0,30.0,9.0,20.0,22.0,13.0,Ruim,3772.55,34.77374932882187,34.0,59.3410877269671,baixo_gasto_pagamento_medio,233.28304341893727,Poor,1,0,1,1,0
34433,7,28.0,advogado,38791.68,6.0,9.0,30.0,9.0,22.0,23.0,13.0,Ruim,3772.55,25.51372619610799,35.0,59.3410877269671,baixo_gasto_pagamento_medio,154.51028838908258,Standard,1,0,1,1,0
34433,8,28.0,advogado,38791.68,6.0,9.0,30.0,9.0,20.0,23.0,13.0,Ruim,3772.55,33.76539791153817,36.0,59.3410877269671,alto_gasto_pagamento_medio,295.77950921896013,Standard,1,0,1,1,0
20246,1,41.0,contador,23692.52,5.0,3.0,8.0,0.0,24.0,13.0,0.0,Normal,915.87,33.880433089413536,368.0,22.55279341866877,alto_gasto_pagamento_medio,396.7180982116365,Standard,0,0,0,0,0
20246,2,41.0,contador,23692.52,5.0,3.0,8.0,0.0,24.0,13.0,0.0,Normal,915.87,36.29864181995515,369.0,22.55279341866877,baixo_gasto_pagamento_baixo,273.8580076742218,Standard,0,0,0,0,0
20246,3,41.0,contador,23692.52,5.0,3.0,8.0,0.0,28.0,15.0,0.0,Normal,915.87,37.862017508324726,370.0,22.55279341866877,baixo_gasto_pagamento_baixo,264.9657655358164,Standard,0,0,0,0,0
20246,4,41.0,contador,23692.52,5.0,3.0,8.0,0.0,28.0,13.0,0.0,Normal,915.87,31.876916817081785,371.0,22.55279341866877,alto_gasto_pagamento_medio,437.8848732479979,Standard,0,0,0,0,0
20246,5,41.0,contador,23692.52,5.0,3.0,8.0,0.0,28.0,13.0,0.0,Normal,915.87,25.62314114225082,372.0,22.55279341866877,alto_gasto_pagamento_medio,427.5820658493968,Standard,0,0,0,0,0
20246,6,41.0,contador,23692.52,5.0,3.0,8.0,0.0,28.0,13.0,0.0,Normal,915.87,41.0951293160332,373.0,22.55279341866877,alto_gasto_pagamento_medio,418.3287201958216,Standard,0,0,0,0,0
20246,7,41.0,contador,23692.52,5.0,3.0,8.0,0.0,28.0,13.0,0.0,Normal,915.87,40.23112319626728,374.0,22.55279341866877,alto_gasto_pagamento_baixos,426.0889702579252,Standard,0,0,0,0,0
20246,8,41.0,contador,23692.52,5.0,3.0,8.0,0.0,28.0,13.0,5.0,Normal,915.87,36.707129107480434,375.0,22.55279341866877,baixo_gasto_pagamento_baixo,223.58940407754528,Standard,0,0,0,0,0
34741,1,36.0,gerente_midia,9648.82,4.0,7.0,6.0,6.0,20.0,19.0,5.0,Normal,1067.95,35.624216672977575,201.0,30.704531782670923,baixo_gasto_pagamento_baixo,294.85236893951617,Standard,0,1,0,1,1
34741,2,36.0,gerente_midia,9648.82,4.0,7.0,6.0,6.0,20.0,16.0,5.0,Normal,1067.95,32.89599669498361,202.0,30.704531782670923,baixo_gasto_pagamento_baixo,268.5066848891415,Standard,0,1,0,1,1
34741,3,36.0,gerente_midia,9648.82,4.0,7.0,6.0,6.0,20.0,16.0,5.0,Normal,1067.95,39.35117346683924,203.0,30.704531782670923,baixo_gasto_pagamento_baixo,295.7307696579394,Standard,0,1,0,1,1
34741,4,36.0,gerente_midia,9648.82,4.0,7.0,6.0,6.0,24.0,18.0,5.0,Normal,1067.95,36.43895730670543,204.0,30.704531782670923,baixo_gasto_pagamento_medio,258.4418684777942,Standard,0,1,0,1,1
34741,5,36.0,gerente_midia,9648.82,4.0,7.0,6.0,6.0,15.0,13.0,5.0,Normal,1067.95,30.62440867377069,205.0,30.704531782670923,baixo_gasto_pagamento_baixo,313.5649544615532,Standard,0,1,0,1,1
34741,6,36.0,gerente_midia,9648.82,4.0,7.0,6.0,6.0,20.0,16.0,5.0,Normal,1067.95,36.99228135202421,206.0,30.704531782670923,baixo_gasto_pagamento_baixo,233.67786251822963,Standard,0,1,0,1,1
34741,7,36.0,gerente_midia,9648.82,4.0,7.0,6.0,6.0,20.0,16.0,5.0,Normal,1067.95,24.73319760645465,207.0,30.704531782670923,baixo_gasto_pagamento_baixo,288.6979639652529,Standard,0,1,0,1,1
34741,8,36.0,gerente_midia,9648.82,4.0,7.0,6.0,6.0,20.0,16.0,5.0,Normal,1067.95,28.66741253267989,208.0,30.704531782670923,baixo_gasto_pagamento_alto,296.4726399951692,Standard,0,1,0,1,1
6553,1,32.0,engenheiro,39020.72,3.0,3.0,19.0,1.0,13.0,17.0,3.0,Normal,1213.43,23.811338360493032,243.0,51.60572325641414,baixo_gasto_pagamento_medio,336.5928258096278,Standard,0,1,0,0,0
6553,2,32.0,engenheiro,39020.72,3.0,3.0,19.0,1.0,13.0,20.0,3.0,Normal,1213.43,37.404578789067735,244.0,51.60572325641414,alto_gasto_pagamento_baixos,438.1020164495418,Standard,0,1,0,0,0
6553,3,32.0,engenheiro,39020.72,3.0,3.0,19.0,1.0,13.0,17.0,3.0,Normal,1213.43,30.068852986352947,245.0,51.60572325641414,alto_gasto_pagamento_baixos,477.5577644471357,Standard,0,1,0,0,0
6553,4,32.0,engenheiro,39020.72,3.0,3.0,19.0,1.0,13.0,17.0,3.0,Normal,1213.43,28.786892454732342,246.0,51.60572325641414,alto_gasto_pagamento_baixos,389.6002486641429,Standard,0,1,0,0,0
6553,5,32.0,engenheiro,39020.72,3.0,3.0,19.0,1.0,13.0,14.0,3.0,Normal,1213.43,33.323853710897104,247.0,51.60572325641414,alto_gasto_pagamento_baixos,489.9712320022901,Standard,0,1,0,0,0
6553,6,32.0,engenheiro,39020.72,3.0,3.0,19.0,1.0,15.0,17.0,3.0,Normal,1213.43,38.05924157888932,248.0,51.60572325641414,alto_gasto_pagamento_baixos,449.55339187171546,Standard,0,1,0,0,0
6553,7,32.0,engenheiro,39020.72,3.0,3.0,19.0,1.0,13.0,14.0,3.0,Normal,1213.43,40.02125129085061,249.0,51.60572325641414,alto_gasto_pagamento_baixos,454.23614866999634,Standard,0,1,0,0,0
6553,8,32.0,engenheiro,39020.72,3.0,3.0,19.0,1.0,18.0,15.0,3.0,Normal,1213.43,31.0050196388282,250.0,51.60572325641414,baixo_gasto_pagamento_baixo,172.75662795008392,Standard,0,1,0,0,0
26033,1,25.0,musico,20623.16,6.0,8.0,20.0,9.0,26.0,20.0,11.0,Ruim,4973.64,39.25188840810902,149.0,40.82504449534845,baixo_gasto_pagamento_baixo,237.81220602407,Poor,0,1,1,0,1
26033,2,25.0,musico,20623.16,6.0,8.0,20.0,9.0,26.0,22.0,11.0,Ruim,4973.64,24.38873318860235,150.0,40.82504449534845,baixo_gasto_pagamento_baixo,217.37797185247075,Poor,0,1,1,0,1
26033,3,25.0,musico,20623.16,6.0,8.0,20.0,9.0,25.0,22.0,11.0,Ruim,4973.64,22.963541682760344,151.0,40.82504449534845,alto_gasto_pagamento_baixos,212.5964944590408,Poor,0,1,1,0,1
26033,4,25.0,musico,20623.16,6.0,8.0,20.0,9.0,26.0,22.0,11.0,Ruim,4973.64,36.78901857200089,152.0,40.82504449534845,baixo_gasto_pagamento_baixo,189.0280609416265,Standard,0,1,1,0,1
26033,5,25.0,musico,20623.16,6.0,8.0,20.0,9.0,26.0,22.0,11.0,Ruim,4973.64,33.89524986972468,153.0,40.82504449534845,alto_gasto_pagamento_baixos,243.9710270653256,Poor,0,1,1,0,1
26033,6,25.0,musico,20623.16,6.0,8.0,20.0,9.0,25.0,20.0,11.0,Ruim,4973.64,27.17325046157441,154.0,40.82504449534845,baixo_gasto_pagamento_baixo,193.5518268055687,Poor,0,1,1,0,1
26033,7,25.0,musico,20623.16,6.0,8.0,20.0,9.0,26.0,19.0,11.0,Ruim,4973.64,28.882305352030787,155.0,40.82504449534845,baixo_gasto_pagamento_baixo,263.8970792008065,Poor,0,1,1,0,1
26033,8,25.0,musico,20623.16,6.0,8.0,20.0,9.0,28.0,23.0,11.0,Ruim,4973.64,26.287793879571645,156.0,40.82504449534845,baixo_gasto_pagamento_medio,212.4381785452805,Poor,0,1,1,0,1
2168,1,23.0,engenheiro,39130.84,0.0,4.0,5.0,4.0,14.0,2.0,2.0,Bom,218.9,27.50234149889455,303.0,54.19459247105182,baixo_gasto_pagamento_baixo,212.3003088954221,Good,0,1,1,1,0
2168,2,23.0,engenheiro,39130.84,0.0,4.0,5.0,4.0,14.0,1.0,2.0,Bom,218.9,33.83975403982411,304.0,54.19459247105182,baixo_gasto_pagamento_baixo,285.1247584925513,Good,0,1,1,1,0
2168,3,23.0,engenheiro,39130.84,0.0,4.0,5.0,4.0,14.0,2.0,2.0,Bom,218.9,39.56854007182768,305.0,54.19459247105182,alto_gasto_pagamento_baixos,402.4834587418205,Good,0,1,1,1,0
2168,4,23.0,engenheiro,39130.84,0.0,4.0,5.0,4.0,14.0,2.0,2.0,Bom,218.9,28.120607746994548,306.0,54.19459247105182,baixo_gasto_pagamento_alto,359.85869112771064,Good,0,1,1,1,0
2168,5,24.0,engenheiro,39130.84,0.0,4.0,5.0,4.0,14.0,4.0,2.0,Bom,218.9,28.37889148112044,307.0,54.19459247105182,alto_gasto_pagamento_medio,364.58821023159874,Good,0,1,1,1,0
2168,6,24.0,engenheiro,39130.84,0.0,4.0,5.0,4.0,14.0,2.0,2.0,Bom,218.9,38.85918034757433,308.0,54.19459247105182,baixo_gasto_pagamento_baixo,245.9122888771416,Good,0,1,1,1,0
2168,7,24.0,engenheiro,39130.84,0.0,4.0,5.0,4.0,14.0,0.0,2.0,Bom,218.9,33.96380233685745,309.0,54.19459247105182,baixo_gasto_pagamento_alto,427.9945209882021,Good,0,1,1,1,0
2168,8,24.0,engenheiro,39130.84,0.0,4.0,5.0,4.0,14.0,2.0,2.0,Bom,218.9,36.67284335522164,310.0,54.19459247105182,alto_gasto_pagamento_baixos,325.699073819297,Good,0,1,1,1,0
4220,1,14.0,jornalista,49718.55,7.0,10.0,27.0,6.0,27.0,16.0,7.0,Ruim,1920.25,31.17779168220105,161.0,27.37463977567939,alto_gasto_pagamento_medio,342.5782213085472,Poor,1,1,0,0,0
4220,2,14.0,jornalista,49718.55,7.0,10.0,27.0,6.0,27.0,16.0,7.0,Ruim,1920.25,33.19407223789305,162.0,27.37463977567939,alto_gasto_pagamento_baixos,180.49049766500832,Poor,1,1,0,0,0
4220,3,14.0,jornalista,49718.55,7.0,10.0,27.0,6.0,27.0,16.0,7.0,Ruim,1920.25,30.480918244152782,163.0,27.37463977567939,alto_gasto_pagamento_medio,281.4280549208951,Poor,1,1,0,0,0
4220,4,14.0,jornalista,49718.55,7.0,10.0,27.0,6.0,27.0,17.0,7.0,Ruim,1920.25,39.22062315224496,164.0,27.37463977567939,alto_gasto_pagamento_medio,138.70707505097903,Poor,1,1,0,0,0
4220,5,14.0,jornalista,49718.55,7.0,10.0,27.0,6.0,27.0,16.0,7.0,Ruim,1920.25,34.6658286061803,165.0,27.37463977567939,alto_gasto_pagamento_alto,323.1042420681609,Poor,1,1,0,0,0
4220,6,14.0,jornalista,49718.55,7.0,10.0,27.0,6.0,27.0,16.0,7.0,Ruim,1920.25,33.52769914466234,166.0,27.37463977567939,alto_gasto_pagamento_medio,340.64762949283835,Standard,1,1,0,0,0
4220,7,15.0,jornalista,49718.55,7.0,10.0,27.0,6.0,28.0,19.0,7.0,Ruim,1920.25,30.49912401216485,167.0,27.37463977567939,alto_gasto_pagamento_alto,398.58982957929,Poor,1,1,0,0,0
4220,8,15.0,jornalista,49718.55,7.0,10.0,27.0,6.0,27.0,17.0,7.0,Ruim,1920.25,30.10963834234661,168.0,27.37463977567939,baixo_gasto_pagamento_baixo,45.08053062440501,Standard,1,1,0,0,0
17455,1,27.0,musico,16702.25,10.0,8.0,23.0,5.0,60.0,18.0,9.0,Ruim,4536.64,31.48132660182865,81.0,23.23920600610689,baixo_gasto_pagamento_baixo,312.2008527887885,Poor,1,1,0,1,0
17455,2,27.0,musico,16702.25,10.0,8.0,23.0,5.0,60.0,18.0,9.0,Ruim,4536.64,38.47538253252936,82.0,23.23920600610689,baixo_gasto_pagamento_baixo,258.8478854481454,Poor,1,1,0,1,0
17455,3,27.0,musico,16702.25,10.0,8.0,23.0,5.0,60.0,18.0,9.0,Ruim,4536.64,34.02724998621711,83.0,23.23920600610689,baixo_gasto_pagamento_medio,308.8865701909516,Poor,1,1,0,1,0
17455,4,27.0,musico,16702.25,10.0,8.0,23.0,5.0,60.0,20.0,9.0,Ruim,4536.64,32.169731177964785,84.0,23.23920600610689,baixo_gasto_pagamento_baixo,324.70078288402533,Poor,1,1,0,1,0
17455,5,27.0,musico,16702.25,10.0,8.0,23.0,5.0,60.0,18.0,9.0,Ruim,4536.64,39.39556580925306,85.0,23.23920600610689,alto_gasto_pagamento_medio,333.37527754919245,Poor,1,1,0,1,0
17455,6,27.0,musico,16702.25,10.0,8.0,23.0,5.0,60.0,18.0,9.0,Ruim,4536.64,34.52942224146763,86.0,23.23920600610689,baixo_gasto_pagamento_alto,264.94270104633927,Poor,1,1,0,1,0
17455,7,27.0,musico,16702.25,10.0,8.0,23.0,5.0,60.0,18.0,9.0,Ruim,4536.64,40.49267365138414,87.0,23.23920600610689,baixo_gasto_pagamento_baixo,300.38816143208703,Poor,1,1,0,1,0
17455,8,28.0,musico,16702.25,10.0,8.0,23.0,5.0,60.0,18.0,9.0,Ruim,4536.64,24.678650341771483,88.0,23.23920600610689,alto_gasto_pagamento_baixos,277.50176787693186,Standard,1,1,0,1,0
22682,1,44.0,professor,28435.76,3.0,10.0,15.0,7.0,13.0,17.0,9.0,Normal,1962.25,37.639369511069,91.0,59.871925567262494,baixo_gasto_pagamento_alto,315.5236845254732,Standard,1,1,1,0,0
22682,2,45.0,professor,28435.76,3.0,10.0,15.0,7.0,13.0,20.0,9.0,Normal,1962.25,28.489030775574086,92.0,59.871925567262494,baixo_gasto_pagamento_baixo,234.1554516131216,Poor,1,1,1,0,0
22682,3,45.0,professor,28435.76,3.0,10.0,15.0,7.0,13.0,19.0,9.0,Normal,1962.25,30.095936027805468,93.0,59.871925567262494,baixo_gasto_pagamento_alto,320.07254777921366,Poor,1,1,1,0,0
22682,4,45.0,professor,28435.76,3.0,10.0,15.0,7.0,13.0,17.0,9.0,Normal,1962.25,29.96302376655559,94.0,59.871925567262494,baixo_gasto_pagamento_baixo,160.05944625097132,Poor,1,1,1,0,0
22682,5,45.0,professor,28435.76,3.0,10.0,15.0,7.0,17.0,16.0,9.0,Normal,1962.25,25.43516711665072,95.0,59.871925567262494,baixo_gasto_pagamento_medio,268.54750233564647,Poor,1,1,1,0,0
22682,6,45.0,professor,28435.76,3.0,10.0,15.0,7.0,13.0,17.0,9.0,Normal,1962.25,23.42166380862072,96.0,59.871925567262494,baixo_gasto_pagamento_baixo,298.63172483558554,Poor,1,1,1,0,0
22682,7,45.0,professor,28435.76,3.0,10.0,15.0,7.0,12.0,15.0,9.0,Normal,1962.25,36.89901701926321,97.0,59.871925567262494,alto_gasto_pagamento_medio,292.99554687654927,Standard,1,1,1,0,0
22682,8,45.0,professor,28435.76,3.0,10.0,15.0,7.0,9.0,17.0,10.0,Normal,1962.25,26.291337466984057,98.0,59.871925567262494,alto_gasto_pagamento_medio,290.86573889705494,Standard,1,1,1,0,0
44813,1,15.0,gerente,87204.48,6.0,6.0,15.0,3.0,6.0,13.0,4.0,Normal,748.53,31.074552287735766,373.0,54.61224611565272,baixo_gasto_pagamento_medio,566.8459830972222,Standard,1,1,1,0,0
44813,2,16.0,gerente,87204.48,6.0,6.0,15.0,3.0,6.0,13.0,4.0,Normal,748.53,38.46747518570993,374.0,54.61224611565272,alto_gasto_pagamento_alto,722.3931762464848,Standard,1,1,1,0,0
44813,3,16.0,gerente,87204.48,6.0,6.0,15.0,3.0,6.0,13.0,4.0,Normal,748.53,32.73703978136521,375.0,54.61224611565272,baixo_gasto_pagamento_medio,271.745838705882,Standard,1,1,1,0,0
44813,4,16.0,gerente,87204.48,6.0,6.0,15.0,3.0,6.0,13.0,4.0,Normal,748.53,25.5042522254544,376.0,54.61224611565272,alto_gasto_pagamento_alto,652.4016456334031,Good,1,1,1,0,0
44813,5,16.0,gerente,87204.48,6.0,6.0,15.0,3.0,6.0,13.0,4.0,Normal,748.53,39.876152123084935,377.0,54.61224611565272,alto_gasto_pagamento_baixos,382.2639746716091,Standard,1,1,1,0,0
44813,6,16.0,gerente,87204.48,6.0,6.0,15.0,3.0,6.0,13.0,5.0,Normal,748.53,25.058019316615194,378.0,54.61224611565272,alto_gasto_pagamento_medio,511.32263353637694,Good,1,1,1,0,0
44813,7,16.0,gerente,87204.48,6.0,6.0,15.0,3.0,6.0,15.0,5.0,Normal,748.53,36.64075780307557,379.0,54.61224611565272,baixo_gasto_pagamento_baixo,271.745838705882,Good,1,1,1,0,0
44813,8,16.0,gerente,87204.48,6.0,6.0,15.0,3.0,6.0,12.0,5.0,Normal,748.53,33.05895884248184,380.0,54.61224611565272,alto_gasto_pagamento_alto,673.7998937852134,Good,1,1,1,0,0
9428,1,22.0,gerente,41797.94,1.0,1.0,3.0,3.0,4.0,1.0,4.0,Bom,1253.67,38.31324801896514,362.0,69.1408320891841,baixo_gasto_pagamento_medio,304.4400059004198,Good,0,0,0,0,0
9428,2,22.0,gerente,41797.94,1.0,1.0,3.0,3.0,4.0,1.0,4.0,Bom,1253.67,31.23113910427593,363.0,69.1408320891841,baixo_gasto_pagamento_baixo,177.63247289091834,Good,0,0,0,0,0
9428,3,22.0,gerente,41797.94,1.0,1.0,3.0,3.0,4.0,1.0,4.0,Bom,1253.67,31.99351499439837,364.0,69.1408320891841,baixo_gasto_pagamento_medio,450.9737069739448,Good,0,0,0,0,0
9428,4,23.0,gerente,41797.94,1.0,1.0,3.0,3.0,2.0,1.0,9.0,Bom,1253.67,24.899325539736616,365.0,69.1408320891841,alto_gasto_pagamento_alto,454.59799149032654,Good,0,0,0,0,0
9428,5,23.0,gerente,41797.94,1.0,1.0,3.0,3.0,4.0,1.0,9.0,Bom,1253.67,32.56512127676239,366.0,69.1408320891841,alto_gasto_pagamento_baixos,479.2448832148872,Good,0,0,0,0,0
9428,6,23.0,gerente,41797.94,1.0,1.0,3.0,3.0,4.0,1.0,9.0,Bom,1253.67,32.4313659965018,367.0,69.1408320891841,alto_gasto_pagamento_baixos,349.35772120938105,Good,0,0,0,0,0
9428,7,23.0,gerente,41797.94,1.0,1.0,3.0,3.0,0.0,1.0,9.0,Bom,1253.67,29.5571461511432,368.0,69.1408320891841,alto_gasto_pagamento_alto,446.7624458395552,Good,0,0,0,0,0
9428,8,23.0,gerente,41797.94,1.0,1.0,3.0,3.0,4.0,2.0,9.0,Bom,1253.67,25.49100896309556,369.0,69.1408320891841,baixo_gasto_pagamento_baixo,360.7241264758184,Good,0,0,0,0,0
18743,1,42.0,arquiteto,112308.38999999998,2.0,5.0,9.0,2.0,3.0,6.0,1.0,Bom,666.31,41.427824879051975,196.0,110.73740974891103,alto_gasto_pagamento_medio,809.1596181435266,Standard,1,0,0,0,0
18743,2,42.0,arquiteto,112308.38999999998,2.0,5.0,9.0,2.0,3.0,6.0,1.0,Bom,666.31,28.058556380193096,197.0,110.73740974891103,baixo_gasto_pagamento_medio,572.6235956091432,Standard,1,0,0,0,0
18743,3,42.0,arquiteto,112308.38999999998,2.0,5.0,9.0,2.0,3.0,6.0,1.0,Bom,666.31,33.507914740703825,198.0,110.73740974891103,baixo_gasto_pagamento_medio,417.8117964207038,Standard,1,0,0,0,0
18743,4,42.0,arquiteto,112308.38999999998,2.0,5.0,9.0,2.0,3.0,6.0,1.0,Bom,666.31,39.75209472965621,199.0,110.73740974891103,alto_gasto_pagamento_alto,876.4106866793286,Standard,1,0,0,0,0
18743,5,42.0,arquiteto,112308.38999999998,2.0,5.0,9.0,2.0,8.0,9.0,1.0,Bom,666.31,39.21772836587538,200.0,110.73740974891103,alto_gasto_pagamento_alto,896.3675222662825,Standard,1,0,0,0,0
18743,6,42.0,arquiteto,112308.38999999998,2.0,5.0,9.0,2.0,3.0,6.0,1.0,Bom,666.31,36.82779884089392,201.0,110.73740974891103,alto_gasto_pagamento_medio,725.0011989200026,Standard,1,0,0,0,0
18743,7,42.0,arquiteto,112308.38999999998,2.0,5.0,9.0,2.0,3.0,6.0,1.0,Bom,666.31,34.21819786053279,202.0,110.73740974891103,alto_gasto_pagamento_alto,918.0929322305328,Standard,1,0,0,0,0
18743,8,42.0,arquiteto,112308.38999999998,2.0,5.0,9.0,2.0,3.0,6.0,1.0,Bom,666.31,30.715640983094715,203.0,110.73740974891103,alto_gasto_pagamento_alto,895.5986976776821,Standard,1,0,0,0,0
3701,1,48.0,gerente,35820.62,0.0,6.0,8.0,4.0,10.0,10.0,3.0,Bom,731.26,26.76349010198425,237.0,59.36793352644955,baixo_gasto_pagamento_medio,298.5017753186912,Good,0,0,1,0,1
3701,2,48.0,gerente,35820.62,0.0,6.0,8.0,4.0,12.0,10.0,3.0,Bom,731.26,26.46841303871981,238.0,59.36793352644955,baixo_gasto_pagamento_baixo,220.8252836576084,Good,0,0,1,0,1
3701,3,48.0,gerente,35820.62,0.0,6.0,8.0,4.0,10.0,13.0,3.0,Bom,731.26,39.695647711713015,239.0,59.36793352644955,baixo_gasto_pagamento_baixo,364.67365610454993,Good,0,0,1,0,1
3701,4,48.0,gerente,35820.62,0.0,6.0,8.0,4.0,10.0,7.0,3.0,Bom,731.26,33.63362782087835,240.0,59.36793352644955,baixo_gasto_pagamento_baixo,295.0349761096408,Good,0,0,1,0,1
3701,5,48.0,gerente,35820.62,0.0,6.0,8.0,4.0,10.0,10.0,3.0,Bom,731.26,26.4301555284658,241.0,59.36793352644955,alto_gasto_pagamento_medio,378.4561419585493,Good,0,0,1,0,1
3701,6,48.0,gerente,35820.62,0.0,6.0,8.0,4.0,13.0,13.0,7.0,Bom,731.26,33.21594675003391,242.0,59.36793352644955,baixo_gasto_pagamento_baixo,374.57708093055817,Good,0,0,1,0,1
3701,7,48.0,gerente,35820.62,0.0,6.0,8.0,4.0,10.0,8.0,7.0,Bom,731.26,35.18368271997587,243.0,59.36793352644955,baixo_gasto_pagamento_baixo,377.5151900864646,Standard,0,0,1,0,1
3701,8,48.0,gerente,35820.62,0.0,6.0,8.0,4.0,10.0,7.0,7.0,Bom,731.26,25.438507864827383,244.0,59.36793352644955,baixo_gasto_pagamento_alto,216.77841897934687,Standard,0,0,1,0,1
6226,1,39.0,arquiteto,35846.52,4.0,3.0,19.0,3.0,23.0,19.0,8.0,Normal,332.22,37.000366117750495,238.0,41.94247278350765,alto_gasto_pagamento_alto,407.66910181087616,Standard,0,1,0,0,1
6226,2,39.0,arquiteto,35846.52,4.0,3.0,19.0,3.0,18.0,19.0,8.0,Normal,332.22,25.14379445982136,238.0,41.94247278350765,alto_gasto_pagamento_alto,103.98225344665312,Standard,0,1,0,0,1
6226,3,39.0,arquiteto,35846.52,4.0,3.0,19.0,3.0,23.0,19.0,8.0,Normal,332.22,24.688335504472267,238.0,41.94247278350765,alto_gasto_pagamento_alto,386.34382909476784,Standard,0,1,0,0,1
6226,4,39.0,arquiteto,35846.52,4.0,3.0,19.0,3.0,23.0,19.0,8.0,Normal,332.22,32.941943561299965,239.0,41.94247278350765,alto_gasto_pagamento_alto,414.73806871452433,Standard,0,1,0,0,1
6226,5,39.0,arquiteto,35846.52,4.0,3.0,19.0,3.0,23.0,19.0,8.0,Normal,332.22,27.56612235097184,240.0,41.94247278350765,alto_gasto_pagamento_alto,415.1324935790549,Standard,0,1,0,0,1
6226,6,39.0,arquiteto,35846.52,4.0,3.0,19.0,3.0,23.0,22.0,8.0,Normal,332.22,36.79341419232605,241.0,41.94247278350765,baixo_gasto_pagamento_alto,383.1082075681835,Standard,0,1,0,0,1
6226,7,39.0,arquiteto,35846.52,4.0,3.0,19.0,3.0,23.0,16.0,8.0,Normal,332.22,33.5397069941861,242.0,41.94247278350765,baixo_gasto_pagamento_medio,401.7989477269567,Poor,0,1,0,0,1
6226,8,39.0,arquiteto,35846.52,4.0,3.0,19.0,3.0,23.0,19.0,8.0,Normal,332.22,26.207185656333195,243.0,41.94247278350765,alto_gasto_pagamento_baixos,390.33913031575486,Poor,0,1,0,0,1
1725,1,22.0,engenheiro,20981.46,5.0,5.0,6.0,4.0,9.0,9.0,1.0,Normal,793.39,26.12281568380476,209.0,27.554322857961697,alto_gasto_pagamento_medio,346.2622211549813,Standard,0,1,0,1,0
1725,2,22.0,engenheiro,20981.46,5.0,5.0,6.0,4.0,9.0,7.0,1.0,Normal,793.39,26.341167159524986,210.0,27.554322857961697,baixo_gasto_pagamento_alto,270.7224477286248,Standard,0,1,0,1,0
1725,3,22.0,engenheiro,20981.46,5.0,5.0,6.0,4.0,14.0,9.0,2.0,Normal,793.39,27.18043628112161,211.0,27.554322857961697,baixo_gasto_pagamento_baixo,250.01344534590268,Standard,0,1,0,1,0
1725,4,22.0,engenheiro,20981.46,5.0,5.0,6.0,4.0,9.0,7.0,2.0,Normal,793.39,35.124621233251574,212.0,27.554322857961697,baixo_gasto_pagamento_baixo,217.7188742769587,Standard,0,1,0,1,0
1725,5,22.0,engenheiro,20981.46,5.0,5.0,6.0,4.0,9.0,9.0,2.0,Normal,793.39,32.764919517904445,213.0,27.554322857961697,baixo_gasto_pagamento_alto,324.00551014872644,Standard,0,1,0,1,0
1725,6,22.0,engenheiro,20981.46,5.0,5.0,6.0,4.0,9.0,9.0,2.0,Normal,793.39,37.98420529781689,214.0,27.554322857961697,baixo_gasto_pagamento_baixo,299.92878134766426,Standard,0,1,0,1,0
1725,7,22.0,engenheiro,20981.46,5.0,5.0,6.0,4.0,9.0,9.0,2.0,Normal,793.39,38.944967445795,215.0,27.554322857961697,alto_gasto_pagamento_baixos,291.00588758866866,Good,0,1,0,1,0
1725,8,22.0,engenheiro,20981.46,5.0,5.0,6.0,4.0,9.0,6.0,2.0,Normal,793.39,26.018833195914503,216.0,27.554322857961697,baixo_gasto_pagamento_alto,276.3279665270129,Good,0,1,0,1,0
45750,1,29.0,engenheiro,84687.48,1.0,6.0,7.0,2.0,2.0,7.0,2.0,Bom,320.83,33.1420585636423,248.0,53.63188076246251,alto_gasto_pagamento_medio,641.9184142259372,Poor,0,1,0,0,0
45750,2,29.0,engenheiro,84687.48,1.0,6.0,7.0,2.0,2.0,5.0,2.0,Bom,320.83,27.29860538469801,249.0,53.63188076246251,alto_gasto_pagamento_alto,798.3657965297955,Poor,0,1,0,0,0
45750,3,29.0,engenheiro,84687.48,1.0,6.0,7.0,2.0,2.0,5.0,2.0,Bom,320.83,38.7879940644896,250.0,53.63188076246251,alto_gasto_pagamento_baixos,742.2855915310762,Poor,0,1,0,0,0
45750,4,30.0,engenheiro,84687.48,1.0,6.0,7.0,2.0,2.0,3.0,2.0,Bom,320.83,23.81833815460853,251.0,53.63188076246251,baixo_gasto_pagamento_medio,405.35101736928686,Poor,0,1,0,0,0
45750,5,30.0,engenheiro,84687.48,1.0,6.0,7.0,2.0,0.0,5.0,2.0,Bom,320.83,35.58284985001442,252.0,53.63188076246251,baixo_gasto_pagamento_alto,737.079595576797,Poor,0,1,0,0,0
45750,6,30.0,engenheiro,84687.48,1.0,6.0,7.0,2.0,2.0,5.0,2.0,Bom,320.83,30.991918373606328,253.0,53.63188076246251,alto_gasto_pagamento_alto,719.2974104223814,Poor,0,1,0,0,0
45750,7,30.0,engenheiro,84687.48,1.0,6.0,7.0,2.0,2.0,6.0,2.0,Bom,320.83,39.900248167413714,254.0,53.63188076246251,alto_gasto_pagamento_medio,801.8461916860279,Poor,0,1,0,0,0
45750,8,30.0,engenheiro,84687.48,1.0,6.0,7.0,2.0,1.0,5.0,2.0,Bom,320.83,37.659816538641024,255.0,53.63188076246251,baixo_gasto_pagamento_alto,739.7429228974518,Poor,0,1,0,0,0
39052,1,30.0,escritor,29101.85,6.0,3.0,5.0,0.0,21.0,9.0,4.0,Normal,1465.87,24.46501763472876,281.0,45.265860832851466,baixo_gasto_pagamento_alto,417.359874368186,Standard,0,0,0,0,0
39052,2,30.0,escritor,29101.85,6.0,3.0,5.0,0.0,25.0,9.0,4.0,Normal,1465.87,26.840631205865183,282.0,45.265860832851466,baixo_gasto_pagamento_baixo,295.38146685763024,Standard,0,0,0,0,0
39052,3,31.0,escritor,29101.85,6.0,3.0,5.0,0.0,25.0,11.0,4.0,Normal,1465.87,38.309596544924496,283.0,45.265860832851466,alto_gasto_pagamento_medio,393.7953927766005,Standard,0,0,0,0,0
39052,4,31.0,escritor,29101.85,6.0,3.0,5.0,0.0,23.0,7.0,9.0,Normal,1465.87,39.400990203898566,284.0,45.265860832851466,alto_gasto_pagamento_medio,414.3863261731474,Standard,0,0,0,0,0
39052,5,31.0,escritor,29101.85,6.0,3.0,5.0,0.0,30.0,11.0,9.0,Normal,1465.87,39.782498546659205,285.0,45.265860832851466,baixo_gasto_pagamento_baixo,429.7686007480964,Standard,0,0,0,0,0
39052,6,31.0,escritor,29101.85,6.0,3.0,5.0,0.0,25.0,9.0,9.0,Normal,1465.87,23.95695864099603,286.0,45.265860832851466,baixo_gasto_pagamento_alto,348.7926796419637,Standard,0,0,0,0,0
39052,7,31.0,escritor,29101.85,6.0,3.0,5.0,0.0,26.0,9.0,9.0,Normal,1465.87,28.127293196031022,287.0,45.265860832851466,alto_gasto_pagamento_baixos,380.6982159455921,Standard,0,0,0,0,0
39052,8,31.0,escritor,29101.85,6.0,3.0,5.0,0.0,21.0,9.0,9.0,Normal,1465.87,24.150347516690548,288.0,45.265860832851466,alto_gasto_pagamento_medio,453.2495558338152,Standard,0,0,0,0,0
40845,1,35.0,escritor,20120.38,8.0,6.0,26.0,7.0,25.0,19.0,9.0,Ruim,2734.91,29.73416316905168,27.0,14.08145329334257,baixo_gasto_pagamento_baixo,241.64667758804657,Poor,1,0,1,1,1
40845,2,35.0,escritor,20120.38,8.0,6.0,26.0,7.0,28.0,19.0,9.0,Ruim,2734.91,34.121590596680136,28.0,14.08145329334257,baixo_gasto_pagamento_baixo,207.94963513407,Poor,1,0,1,1,1
40845,3,35.0,escritor,20120.38,8.0,6.0,26.0,7.0,23.0,18.0,9.0,Ruim,2734.91,35.661865325944255,29.0,14.08145329334257,baixo_gasto_pagamento_baixo,264.2383193534584,Standard,1,0,1,1,1
40845,4,35.0,escritor,20120.38,8.0,6.0,26.0,7.0,28.0,19.0,9.0,Ruim,2734.91,35.79407811165038,30.0,14.08145329334257,baixo_gasto_pagamento_baixo,262.4391551267811,Poor,1,0,1,1,1
40845,5,35.0,escritor,20120.38,8.0,6.0,26.0,7.0,26.0,19.0,9.0,Ruim,2734.91,38.31543512678002,31.0,14.08145329334257,baixo_gasto_pagamento_baixo,227.87233292678465,Poor,1,0,1,1,1
40845,6,35.0,escritor,20120.38,8.0,6.0,26.0,7.0,29.0,19.0,9.0,Ruim,2734.91,36.45133296715847,32.0,14.08145329334257,baixo_gasto_pagamento_medio,250.74929255308825,Poor,1,0,1,1,1
40845,7,35.0,escritor,20120.38,8.0,6.0,26.0,7.0,28.0,19.0,9.0,Ruim,2734.91,33.384959456801255,33.0,14.08145329334257,baixo_gasto_pagamento_medio,230.77643334065155,Poor,1,0,1,1,1
40845,8,35.0,escritor,20120.38,8.0,6.0,26.0,7.0,28.0,16.0,9.0,Ruim,2734.91,24.61923136976325,34.0,14.08145329334257,baixo_gasto_pagamento_baixo,319.519220795123,Standard,1,0,1,1,1
4406,1,21.0,empresario,37360.94,10.0,5.0,33.0,5.0,41.0,12.0,11.0,Normal,1271.23,26.881628926292272,135.0,40.63130276508153,baixo_gasto_pagamento_baixo,104.89644263000064,Poor,1,1,0,0,0
4406,2,22.0,empresario,37360.94,10.0,5.0,33.0,5.0,44.0,12.0,11.0,Normal,1271.23,38.77982726449464,136.0,40.63130276508153,baixo_gasto_pagamento_alto,383.9504547570575,Poor,1,1,0,0,0
4406,3,22.0,empresario,37360.94,10.0,5.0,33.0,5.0,44.0,10.0,11.0,Normal,1271.23,25.5996502163092,137.0,40.63130276508153,baixo_gasto_pagamento_baixo,164.29597169845854,Poor,1,1,0,0,0
4406,4,22.0,empresario,37360.94,10.0,5.0,33.0,5.0,44.0,12.0,11.0,Normal,1271.23,30.87080791883682,138.0,40.63130276508153,alto_gasto_pagamento_alto,375.6362090353156,Poor,1,1,0,0,0
4406,5,22.0,empresario,37360.94,10.0,5.0,33.0,5.0,39.0,12.0,11.0,Normal,1271.23,31.684874386542177,139.0,40.63130276508153,baixo_gasto_pagamento_baixo,374.00864047284966,Poor,1,1,0,0,0
4406,6,22.0,empresario,37360.94,10.0,5.0,33.0,5.0,44.0,12.0,11.0,Normal,1271.23,32.57870359732191,140.0,40.63130276508153,alto_gasto_pagamento_baixos,389.6507801847748,Poor,1,1,0,0,0
4406,7,22.0,empresario,37360.94,10.0,5.0,33.0,5.0,44.0,12.0,11.0,Normal,1271.23,36.4753076026621,141.0,40.63130276508153,alto_gasto_pagamento_baixos,304.4623438833569,Poor,1,1,0,0,0
4406,8,22.0,empresario,37360.94,10.0,5.0,33.0,5.0,44.0,12.0,11.0,Normal,1271.23,36.19634556049452,142.0,40.63130276508153,baixo_gasto_pagamento_baixo,228.6213162115775,Poor,1,1,0,0,0
23333,1,29.0,gerente,19280.89,6.0,4.0,12.0,6.0,22.0,8.0,6.0,Normal,884.87,22.31268014682543,125.0,15.472943316709454,baixo_gasto_pagamento_baixo,203.52962526999244,Standard,1,0,1,1,0
23333,2,29.0,gerente,19280.89,6.0,4.0,12.0,6.0,22.0,8.0,6.0,Normal,884.87,37.50978824269675,126.0,15.472943316709454,alto_gasto_pagamento_medio,306.71355007951,Standard,1,0,1,1,0
23333,3,29.0,gerente,19280.89,6.0,4.0,12.0,6.0,22.0,8.0,6.0,Normal,884.87,34.78944052428375,127.0,15.472943316709454,baixo_gasto_pagamento_baixo,203.5392690368625,Standard,1,0,1,1,0
23333,4,29.0,gerente,19280.89,6.0,4.0,12.0,6.0,27.0,8.0,6.0,Normal,884.87,33.441887131321856,128.0,15.472943316709454,alto_gasto_pagamento_baixos,324.57621764104283,Standard,1,0,1,1,0
23333,5,30.0,gerente,19280.89,6.0,4.0,12.0,6.0,22.0,8.0,6.0,Normal,884.87,26.525281531628288,129.0,15.472943316709454,alto_gasto_pagamento_alto,327.41141128763667,Standard,1,0,1,1,0
23333,6,30.0,gerente,19280.89,6.0,4.0,12.0,6.0,22.0,10.0,6.0,Normal,884.87,37.5121867799164,130.0,15.472943316709454,baixo_gasto_pagamento_baixo,198.2981383029284,Standard,1,0,1,1,0
23333,7,30.0,gerente,19280.89,6.0,4.0,12.0,6.0,22.0,8.0,6.0,Normal,884.87,23.26902158807172,131.0,15.472943316709454,baixo_gasto_pagamento_baixo,230.1678766889999,Standard,1,0,1,1,0
23333,8,30.0,gerente,19280.89,6.0,4.0,12.0,6.0,22.0,8.0,6.0,Normal,884.87,26.41402671809109,132.0,15.472943316709454,baixo_gasto_pagamento_baixo,242.4207922370641,Poor,1,0,1,1,0
11416,1,29.0,professor,19936.4,4.0,6.0,6.0,0.0,8.0,15.0,4.0,Normal,1342.68,33.831555239892765,385.0,27.368429016095728,baixo_gasto_pagamento_baixo,244.39561415906857,Standard,0,0,0,0,0
11416,2,29.0,professor,19936.4,4.0,6.0,6.0,0.0,8.0,17.0,4.0,Normal,1342.68,31.258443206892096,386.0,27.368429016095728,baixo_gasto_pagamento_baixo,349.87528186052214,Standard,0,0,0,0,0
11416,3,29.0,professor,19936.4,4.0,6.0,6.0,0.0,8.0,17.0,5.0,Normal,1342.68,37.2009514109479,387.0,27.368429016095728,alto_gasto_pagamento_medio,363.0682376505709,Standard,0,0,0,0,0
11416,4,29.0,professor,19936.4,4.0,6.0,6.0,0.0,8.0,17.0,5.0,Normal,1342.68,32.02524322566426,388.0,27.368429016095728,alto_gasto_pagamento_alto,351.4003432541939,Standard,0,0,0,0,0
11416,5,29.0,professor,19936.4,4.0,6.0,6.0,0.0,8.0,17.0,5.0,Normal,1342.68,39.62057405994297,389.0,27.368429016095728,baixo_gasto_pagamento_baixo,377.6070611626197,Standard,0,0,0,0,0
11416,6,30.0,professor,19936.4,4.0,6.0,6.0,0.0,8.0,18.0,5.0,Normal,1342.68,25.857568269703123,390.0,27.368429016095728,baixo_gasto_pagamento_baixo,316.13660877305864,Standard,0,0,0,0,0
11416,7,30.0,professor,19936.4,4.0,6.0,6.0,0.0,8.0,19.0,5.0,Normal,1342.68,26.26483715805555,391.0,27.368429016095728,alto_gasto_pagamento_baixos,308.6996899488571,Standard,0,0,0,0,0
11416,8,30.0,professor,19936.4,4.0,6.0,6.0,0.0,13.0,17.0,5.0,Normal,1342.68,30.16057614424373,392.0,27.368429016095728,baixo_gasto_pagamento_baixo,374.1090686715644,Standard,0,0,0,0,0
7894,1,25.0,musico,127706.55,2.0,5.0,6.0,0.0,0.0,4.0,2.0,Bom,790.87,30.68490156031058,242.0,137.14814673135496,baixo_gasto_pagamento_alto,567.7061945264253,Good,0,0,0,0,0
7894,2,25.0,musico,127706.55,2.0,5.0,6.0,0.0,4.0,5.0,2.0,Bom,790.87,42.90002664228047,242.0,137.14814673135496,alto_gasto_pagamento_alto,859.5976739203422,Good,0,0,0,0,0
7894,3,25.0,musico,127706.55,2.0,5.0,6.0,0.0,0.0,5.0,2.0,Bom,790.87,32.18370925284937,243.0,137.14814673135496,baixo_gasto_pagamento_baixo,492.4205792279719,Good,0,0,0,0,0
7894,4,25.0,musico,127706.55,2.0,5.0,6.0,0.0,0.0,5.0,2.0,Bom,790.87,38.47755578843758,244.0,137.14814673135496,baixo_gasto_pagamento_medio,884.2919537916832,Standard,0,0,0,0,0
7894,5,25.0,musico,127706.55,2.0,5.0,6.0,0.0,0.0,8.0,2.0,Bom,790.87,37.023374661375776,245.0,137.14814673135496,alto_gasto_pagamento_alto,1181.373103268645,Standard,0,0,0,0,0
7894,6,25.0,musico,127706.55,2.0,5.0,6.0,0.0,4.0,2.0,2.0,Bom,790.87,30.580398641170696,246.0,137.14814673135496,alto_gasto_pagamento_baixos,698.7818852550463,Standard,0,0,0,0,0
7894,7,25.0,musico,127706.55,2.0,5.0,6.0,0.0,0.0,5.0,2.0,Bom,790.87,41.59676679091648,247.0,137.14814673135496,alto_gasto_pagamento_alto,1148.403450822599,Good,0,0,0,0,0
7894,8,25.0,musico,127706.55,2.0,5.0,6.0,0.0,0.0,5.0,2.0,Bom,790.87,32.907752145953985,248.0,137.14814673135496,baixo_gasto_pagamento_alto,502.7517508549969,Good,0,0,0,0,0
40919,1,37.0,desenvolvedor,18507.35,10.0,6.0,33.0,8.0,34.0,19.0,12.0,Ruim,4194.87,30.07633205463041,129.0,33.70084351593437,alto_gasto_pagamento_medio,286.5667913792938,Poor,1,1,1,1,1
40919,2,37.0,desenvolvedor,18507.35,10.0,6.0,33.0,8.0,34.0,19.0,12.0,Ruim,4194.87,38.60517132299965,130.0,33.70084351593437,baixo_gasto_pagamento_baixo,315.79190954878493,Poor,1,1,1,1,1
40919,3,37.0,desenvolvedor,18507.35,10.0,6.0,33.0,8.0,34.0,19.0,12.0,Ruim,4194.87,38.62315675694271,131.0,33.70084351593437,alto_gasto_pagamento_baixos,256.9224452416615,Poor,1,1,1,1,1
40919,4,37.0,desenvolvedor,18507.35,10.0,6.0,33.0,8.0,34.0,19.0,13.0,Ruim,4194.87,32.098423951130464,132.0,33.70084351593437,baixo_gasto_pagamento_baixo,273.3245847786686,Poor,1,1,1,1,1
40919,5,37.0,desenvolvedor,18507.35,10.0,6.0,33.0,8.0,34.0,17.0,13.0,Ruim,4194.87,28.896374107541533,133.0,33.70084351593437,alto_gasto_pagamento_baixos,252.4979485723296,Poor,1,1,1,1,1
40919,6,37.0,desenvolvedor,18507.35,10.0,6.0,33.0,8.0,34.0,16.0,13.0,Ruim,4194.87,25.924747095167533,134.0,33.70084351593437,alto_gasto_pagamento_medio,327.89307460126133,Standard,1,1,1,1,1
40919,7,37.0,desenvolvedor,18507.35,10.0,6.0,33.0,8.0,34.0,19.0,13.0,Ruim,4194.87,24.73574978465957,135.0,33.70084351593437,alto_gasto_pagamento_alto,311.2693792148418,Standard,1,1,1,1,1
40919,8,37.0,desenvolvedor,18507.35,10.0,6.0,33.0,8.0,34.0,19.0,13.0,Ruim,4194.87,37.67872679233773,136.0,33.70084351593437,alto_gasto_pagamento_medio,341.7955091303095,Standard,1,1,1,1,1
43101,1,17.0,gerente_midia,34243.28,7.0,10.0,18.0,7.0,28.0,23.0,11.0,Ruim,1405.24,34.18646277297326,62.0,50.33167044280328,baixo_gasto_pagamento_medio,204.98991060092885,Poor,1,0,0,1,1
43101,2,17.0,gerente_midia,34243.28,7.0,10.0,18.0,7.0,27.0,22.0,11.0,Ruim,1405.24,38.63539971990845,63.0,50.33167044280328,baixo_gasto_pagamento_baixo,12.561077775953208,Poor,1,0,0,1,1
43101,3,17.0,gerente_midia,34243.28,7.0,10.0,18.0,7.0,28.0,25.0,11.0,Ruim,1405.24,28.86466844656759,64.0,50.33167044280328,baixo_gasto_pagamento_alto,227.60319964138736,Poor,1,0,0,1,1
43101,4,17.0,gerente_midia,34243.28,7.0,10.0,18.0,7.0,28.0,22.0,11.0,Ruim,1405.24,33.822934061655715,65.0,50.33167044280328,alto_gasto_pagamento_medio,264.0292061687056,Standard,1,0,0,1,1
43101,5,17.0,gerente_midia,34243.28,7.0,10.0,18.0,7.0,28.0,23.0,11.0,Ruim,1405.24,28.71627329541795,66.0,50.33167044280328,baixo_gasto_pagamento_baixo,240.6249274419453,Poor,1,0,0,1,1
43101,6,17.0,gerente_midia,34243.28,7.0,10.0,18.0,7.0,28.0,23.0,11.0,Ruim,1405.24,31.41815408264079,67.0,50.33167044280328,alto_gasto_pagamento_medio,249.21276967878327,Standard,1,0,0,1,1
43101,7,17.0,gerente_midia,34243.28,7.0,10.0,18.0,7.0,28.0,23.0,11.0,Ruim,1405.24,28.906116714922128,68.0,50.33167044280328,alto_gasto_pagamento_baixos,202.4939892861333,Poor,1,0,0,1,1
43101,8,18.0,gerente_midia,34243.28,7.0,10.0,18.0,7.0,28.0,23.0,11.0,Ruim,1405.24,30.369876745404763,69.0,50.33167044280328,baixo_gasto_pagamento_baixo,13.51642356551912,Poor,1,0,0,1,1
30023,1,41.0,professor,15931.72,6.0,8.0,32.0,9.0,60.0,15.0,10.0,Ruim,1693.97,25.414438900212463,223.0,28.379561223504943,alto_gasto_pagamento_medio,228.07470893248023,Poor,1,1,0,1,0
30023,2,41.0,professor,15931.72,6.0,8.0,32.0,9.0,55.0,16.0,10.0,Ruim,1693.97,38.73443277510695,224.0,28.379561223504943,baixo_gasto_pagamento_baixo,182.9047249707637,Poor,1,1,0,1,0
30023,3,41.0,professor,15931.72,6.0,8.0,32.0,9.0,59.0,13.0,10.0,Ruim,1693.97,24.19445173064608,225.0,28.379561223504943,baixo_gasto_pagamento_alto,230.9633349402652,Poor,1,1,0,1,0
30023,4,41.0,professor,15931.72,6.0,8.0,32.0,9.0,60.0,15.0,10.0,Ruim,1693.97,35.733065959408286,226.0,28.379561223504943,baixo_gasto_pagamento_medio,203.3711097774427,Poor,1,1,0,1,0
30023,5,41.0,professor,15931.72,6.0,8.0,32.0,9.0,60.0,15.0,10.0,Ruim,1693.97,24.12799484447958,227.0,28.379561223504943,alto_gasto_pagamento_medio,246.1831264058592,Poor,1,1,0,1,0
30023,6,41.0,professor,15931.72,6.0,8.0,32.0,9.0,60.0,15.0,10.0,Ruim,1693.97,29.699179951625123,228.0,28.379561223504943,baixo_gasto_pagamento_medio,184.19985939108017,Poor,1,1,0,1,0
30023,7,41.0,professor,15931.72,6.0,8.0,32.0,9.0,60.0,15.0,10.0,Ruim,1693.97,39.63530403989718,229.0,28.379561223504943,baixo_gasto_pagamento_alto,263.87492249027616,Poor,1,1,0,1,0
30023,8,41.0,professor,15931.72,6.0,8.0,32.0,9.0,55.0,13.0,10.0,Ruim,1693.97,39.03956245044076,230.0,28.379561223504943,baixo_gasto_pagamento_baixo,272.60250403118675,Poor,1,1,0,1,0
20701,1,31.0,advogado,41293.1,5.0,4.0,13.0,2.0,10.0,20.0,7.0,Normal,1416.43,33.33681258245943,221.0,89.44041795780596,alto_gasto_pagamento_medio,434.3595412636532,Standard,0,0,1,0,0
20701,2,31.0,advogado,41293.1,5.0,4.0,13.0,2.0,10.0,20.0,7.0,Normal,1416.43,25.89715929499762,222.0,89.44041795780596,baixo_gasto_pagamento_baixo,423.4359488114012,Standard,0,0,1,0,0
20701,3,31.0,advogado,41293.1,5.0,4.0,13.0,2.0,9.0,20.0,7.0,Normal,1416.43,33.10252180603272,223.0,89.44041795780596,baixo_gasto_pagamento_baixo,235.42697680203068,Standard,0,0,1,0,0
20701,4,32.0,advogado,41293.1,5.0,4.0,13.0,2.0,10.0,22.0,7.0,Normal,1416.43,26.925289698570666,224.0,89.44041795780596,alto_gasto_pagamento_medio,484.4543836359545,Good,0,0,1,0,0
20701,5,31.0,advogado,41293.1,5.0,4.0,13.0,2.0,10.0,20.0,7.0,Normal,1416.43,35.65395024289621,225.0,89.44041795780596,baixo_gasto_pagamento_medio,402.95465606468,Standard,0,0,1,0,0
20701,6,32.0,advogado,41293.1,5.0,4.0,13.0,2.0,12.0,20.0,9.0,Normal,1416.43,36.23104952985558,226.0,89.44041795780596,alto_gasto_pagamento_medio,253.3348926612969,Good,0,0,1,0,0
20701,7,32.0,advogado,41293.1,5.0,4.0,13.0,2.0,15.0,20.0,9.0,Normal,1416.43,33.32926486831536,227.0,89.44041795780596,baixo_gasto_pagamento_alto,473.9697428231344,Standard,0,0,1,0,0
20701,8,32.0,advogado,41293.1,5.0,4.0,13.0,2.0,10.0,21.0,9.0,Normal,1416.43,30.953708548424583,228.0,89.44041795780596,alto_gasto_pagamento_medio,478.10604363928434,Good,0,0,1,0,0
30493,1,14.0,engenheiro,36849.5,8.0,6.0,25.0,9.0,45.0,23.0,10.0,Ruim,2327.11,23.13151435160612,231.0,44.31173417483654,baixo_gasto_pagamento_alto,155.9194932891506,Poor,1,1,1,1,0
30493,2,14.0,engenheiro,36849.5,8.0,6.0,25.0,9.0,42.0,23.0,10.0,Ruim,2327.11,33.2929794909207,232.0,44.31173417483654,baixo_gasto_pagamento_alto,254.74757526145828,Standard,1,1,1,1,0
30493,3,14.0,engenheiro,36849.5,8.0,6.0,25.0,9.0,42.0,23.0,10.0,Ruim,2327.11,23.78123234747637,233.0,44.31173417483654,alto_gasto_pagamento_medio,334.13835009398684,Poor,1,1,1,1,0
30493,4,14.0,engenheiro,36849.5,8.0,6.0,25.0,9.0,42.0,23.0,10.0,Ruim,2327.11,36.680259385961016,234.0,44.31173417483654,baixo_gasto_pagamento_baixo,304.1773832268136,Poor,1,1,1,1,0
30493,5,14.0,engenheiro,36849.5,8.0,6.0,25.0,9.0,42.0,23.0,10.0,Ruim,2327.11,28.95953541805093,235.0,44.31173417483654,baixo_gasto_pagamento_alto,323.71374871716137,Standard,1,1,1,1,0
30493,6,14.0,engenheiro,36849.5,8.0,6.0,25.0,9.0,42.0,23.0,10.0,Ruim,2327.11,35.9145840836123,236.0,44.31173417483654,alto_gasto_pagamento_medio,272.9672145443177,Standard,1,1,1,1,0
30493,7,14.0,engenheiro,36849.5,8.0,6.0,25.0,9.0,44.0,23.0,10.0,Ruim,2327.11,22.66829482106664,237.0,44.31173417483654,alto_gasto_pagamento_medio,306.81149380736315,Standard,1,1,1,1,0
30493,8,15.0,engenheiro,36849.5,8.0,6.0,25.0,9.0,42.0,22.0,10.0,Ruim,2327.11,39.06567350129613,238.0,44.31173417483654,baixo_gasto_pagamento_alto,130.50917647130817,Standard,1,1,1,1,0
17611,1,50.0,musico,53543.38,5.0,7.0,15.0,4.0,29.0,8.0,1.0,Normal,112.36,28.72218936235195,222.0,99.04147770124256,baixo_gasto_pagamento_medio,258.7545276444131,Standard,0,1,0,0,1
17611,2,50.0,musico,53543.38,5.0,7.0,15.0,4.0,32.0,8.0,1.0,Normal,112.36,32.358437688821745,222.0,99.04147770124256,alto_gasto_pagamento_medio,457.09050025014005,Standard,0,1,0,0,1
17611,3,50.0,musico,53543.38,5.0,7.0,15.0,4.0,29.0,9.0,1.0,Normal,112.36,37.591831657631936,223.0,99.04147770124256,alto_gasto_pagamento_baixos,372.31742298175726,Standard,0,1,0,0,1
17611,4,50.0,musico,53543.38,5.0,7.0,15.0,4.0,29.0,8.0,3.0,Normal,112.36,38.8316217611561,224.0,99.04147770124256,alto_gasto_pagamento_baixos,284.75773160129216,Standard,0,1,0,0,1
17611,5,50.0,musico,53543.38,5.0,7.0,15.0,4.0,29.0,8.0,3.0,Normal,112.36,25.124049958007944,225.0,99.04147770124256,baixo_gasto_pagamento_baixo,296.14050950054593,Standard,0,1,0,0,1
17611,6,50.0,musico,53543.38,5.0,7.0,15.0,4.0,26.0,5.0,3.0,Normal,112.36,36.70211537825519,226.0,99.04147770124256,alto_gasto_pagamento_baixos,410.2851267671612,Standard,0,1,0,0,1
17611,7,50.0,musico,53543.38,5.0,7.0,15.0,4.0,29.0,8.0,3.0,Normal,112.36,35.93536206706322,227.0,99.04147770124256,alto_gasto_pagamento_medio,431.0926378171602,Standard,0,1,0,0,1
17611,8,51.0,musico,53543.38,5.0,7.0,15.0,4.0,24.0,5.0,3.0,Normal,112.36,31.50324860144508,228.0,99.04147770124256,alto_gasto_pagamento_medio,202.5022210045476,Standard,0,1,0,0,1
35879,1,15.0,contador,63965.84,8.0,7.0,18.0,7.0,58.0,18.0,12.0,Ruim,3496.34,28.73563650697895,4.0,64.99854248803224,alto_gasto_pagamento_medio,330.65615904522406,Poor,1,1,0,1,1
35879,2,15.0,contador,63965.84,8.0,7.0,18.0,7.0,60.0,16.0,12.0,Ruim,3496.34,38.46016743177845,5.0,64.99854248803224,alto_gasto_pagamento_medio,299.2266488319923,Standard,1,1,0,1,1
35879,3,15.0,contador,63965.84,8.0,7.0,18.0,7.0,56.0,16.0,14.0,Ruim,3496.34,32.96598577799015,6.0,64.99854248803224,baixo_gasto_pagamento_baixo,313.6298243554429,Poor,1,1,0,1,1
35879,4,15.0,contador,63965.84,8.0,7.0,18.0,7.0,60.0,16.0,14.0,Ruim,3496.34,31.96478850562868,7.0,64.99854248803224,baixo_gasto_pagamento_alto,246.8095563066476,Poor,1,1,0,1,1
35879,5,15.0,contador,63965.84,8.0,7.0,18.0,7.0,59.0,16.0,14.0,Ruim,3496.34,34.754379607311485,8.0,64.99854248803224,baixo_gasto_pagamento_medio,11.475086470108636,Poor,1,1,0,1,1
35879,6,15.0,contador,63965.84,8.0,7.0,18.0,7.0,60.0,13.0,14.0,Ruim,3496.34,35.9368836265562,9.0,64.99854248803224,baixo_gasto_pagamento_alto,358.93997937160134,Poor,1,1,0,1,1
35879,7,15.0,contador,63965.84,8.0,7.0,18.0,7.0,60.0,16.0,14.0,Ruim,3496.34,23.48912410947004,10.0,64.99854248803224,alto_gasto_pagamento_medio,376.413752597519,Poor,1,1,0,1,1
35879,8,15.0,contador,63965.84,8.0,7.0,18.0,7.0,62.0,18.0,14.0,Ruim,3496.34,33.31663902554129,11.0,64.99854248803224,baixo_gasto_pagamento_alto,11.085554029210869,Poor,1,1,0,1,1
16471,1,49.0,arquiteto,39242.1,4.0,2.0,4.0,0.0,10.0,3.0,3.0,Bom,772.08,37.79928365782387,266.0,54.28793444510251,alto_gasto_pagamento_baixos,488.64046747764365,Good,0,0,0,0,0
16471,2,49.0,arquiteto,39242.1,4.0,2.0,4.0,0.0,5.0,8.0,3.0,Bom,772.08,32.51506999058886,267.0,54.28793444510251,alto_gasto_pagamento_medio,461.3099953921806,Good,0,0,0,0,0
16471,3,49.0,arquiteto,39242.1,4.0,2.0,4.0,0.0,9.0,6.0,3.0,Bom,772.08,33.10833122828197,268.0,54.28793444510251,alto_gasto_pagamento_alto,500.82979323125727,Good,0,0,0,0,0
16471,4,49.0,arquiteto,39242.1,4.0,2.0,4.0,0.0,9.0,6.0,3.0,Bom,772.08,35.198888313809405,269.0,54.28793444510251,baixo_gasto_pagamento_baixo,193.0513649366925,Good,0,0,0,0,0
16471,5,49.0,arquiteto,39242.1,4.0,2.0,4.0,0.0,9.0,8.0,3.0,Bom,772.08,35.44701451415597,270.0,54.28793444510251,alto_gasto_pagamento_baixos,362.79680556043365,Standard,0,0,0,0,0
16471,6,49.0,arquiteto,39242.1,4.0,2.0,4.0,0.0,9.0,4.0,3.0,Bom,772.08,39.195515183215306,271.0,54.28793444510251,baixo_gasto_pagamento_medio,468.9731138842159,Good,0,0,0,0,0
16471,7,49.0,arquiteto,39242.1,4.0,2.0,4.0,0.0,9.0,6.0,3.0,Bom,772.08,38.549957750894364,272.0,54.28793444510251,alto_gasto_pagamento_medio,455.2016151141271,Standard,0,0,0,0,0
16471,8,49.0,arquiteto,39242.1,4.0,2.0,4.0,0.0,9.0,6.0,3.0,Bom,772.08,35.462364526381954,273.0,54.28793444510251,baixo_gasto_pagamento_baixo,337.36718016642584,Good,0,0,0,0,0
1986,1,45.0,desenvolvedor,36217.7,5.0,7.0,18.0,0.0,14.0,13.0,8.0,Normal,793.26,34.61589207470541,368.0,21.897729112453128,alto_gasto_pagamento_alto,541.8164375542135,Standard,0,0,0,0,0
1986,2,45.0,desenvolvedor,36217.7,5.0,7.0,18.0,0.0,14.0,13.0,11.0,Normal,793.26,27.39416539126049,369.0,21.897729112453128,baixo_gasto_pagamento_medio,446.14944098528383,Standard,0,0,0,0,0
1986,3,45.0,desenvolvedor,36217.7,5.0,7.0,18.0,0.0,14.0,16.0,11.0,Normal,793.26,27.950970126094298,370.0,21.897729112453128,alto_gasto_pagamento_alto,523.4981123216942,Standard,0,0,0,0,0
1986,4,45.0,desenvolvedor,36217.7,5.0,7.0,18.0,0.0,14.0,12.0,11.0,Normal,793.26,35.26624100031485,371.0,21.897729112453128,baixo_gasto_pagamento_baixo,182.36106917422555,Standard,0,0,0,0,0
1986,5,45.0,desenvolvedor,36217.7,5.0,7.0,18.0,0.0,14.0,13.0,11.0,Normal,793.26,33.947814924884966,372.0,21.897729112453128,baixo_gasto_pagamento_medio,537.5119771662678,Standard,0,0,0,0,0
1986,6,45.0,desenvolvedor,36217.7,5.0,7.0,18.0,0.0,11.0,13.0,11.0,Normal,793.26,38.16522918564117,373.0,21.897729112453128,alto_gasto_pagamento_baixos,419.7966498713868,Standard,0,0,0,0,0
1986,7,45.0,desenvolvedor,36217.7,5.0,7.0,18.0,0.0,14.0,16.0,11.0,Normal,793.26,28.752728204941786,374.0,21.897729112453128,baixo_gasto_pagamento_alto,292.9330384939267,Standard,0,0,0,0,0
1986,8,45.0,desenvolvedor,36217.7,5.0,7.0,18.0,0.0,11.0,15.0,11.0,Normal,793.26,38.95419472360821,375.0,21.897729112453128,alto_gasto_pagamento_baixos,475.3998199665191,Standard,0,0,0,0,0
17903,1,28.0,jornalista,34798.03,0.0,5.0,12.0,1.0,7.0,12.0,1.0,Bom,1214.29,35.87989194466115,373.0,52.20431519752902,alto_gasto_pagamento_medio,491.5533327216861,Good,0,0,0,0,0
17903,2,28.0,jornalista,34798.03,0.0,5.0,12.0,1.0,7.0,10.0,1.0,Bom,1214.29,32.6092135261,374.0,52.20431519752902,alto_gasto_pagamento_medio,403.345207611977,Standard,0,0,0,0,0
17903,3,28.0,jornalista,34798.03,0.0,5.0,12.0,1.0,7.0,10.0,1.0,Bom,1214.29,29.82319636773876,375.0,52.20431519752902,baixo_gasto_pagamento_alto,306.04703514020457,Good,0,0,0,0,0
17903,4,28.0,jornalista,34798.03,0.0,5.0,12.0,1.0,7.0,11.0,1.0,Bom,1214.29,30.967850815269323,376.0,52.20431519752902,baixo_gasto_pagamento_alto,386.97706158233217,Standard,0,0,0,0,0
17903,5,28.0,jornalista,34798.03,0.0,5.0,12.0,1.0,6.0,10.0,1.0,Bom,1214.29,30.207795387355542,377.0,52.20431519752902,alto_gasto_pagamento_medio,488.6529683811648,Good,0,0,0,0,0
17903,6,28.0,jornalista,34798.03,0.0,5.0,12.0,1.0,7.0,12.0,1.0,Bom,1214.29,38.68709411548265,378.0,52.20431519752902,baixo_gasto_pagamento_alto,389.1497314556957,Good,0,0,0,0,0
17903,7,28.0,jornalista,34798.03,0.0,5.0,12.0,1.0,7.0,13.0,1.0,Bom,1214.29,38.22856656912265,379.0,52.20431519752902,alto_gasto_pagamento_alto,482.5412074618338,Good,0,0,0,0,0
17903,8,28.0,jornalista,34798.03,0.0,5.0,12.0,1.0,7.0,10.0,1.0,Bom,1214.29,29.511217039453825,380.0,52.20431519752902,baixo_gasto_pagamento_medio,405.7280564092183,Standard,0,0,0,0,0
44349,1,40.0,gerente,35824.65,7.0,4.0,15.0,3.0,16.0,19.0,4.0,Normal,754.02,25.83680661235636,325.0,39.64583874585025,baixo_gasto_pagamento_baixo,295.4136341205916,Standard,0,1,0,0,1
44349,2,40.0,gerente,35824.65,7.0,4.0,15.0,3.0,16.0,19.0,4.0,Normal,754.02,23.27715396832388,326.0,39.64583874585025,baixo_gasto_pagamento_baixo,308.26316684259336,Standard,0,1,0,0,1
44349,3,40.0,gerente,35824.65,7.0,4.0,15.0,3.0,16.0,19.0,4.0,Normal,754.02,27.69025533728985,327.0,39.64583874585025,baixo_gasto_pagamento_baixo,408.0685687394492,Standard,0,1,0,0,1
44349,4,40.0,gerente,35824.65,7.0,4.0,15.0,3.0,16.0,19.0,6.0,Normal,754.02,33.70845430338641,328.0,39.64583874585025,baixo_gasto_pagamento_baixo,331.5823581547628,Standard,0,1,0,0,1
44349,5,40.0,gerente,35824.65,7.0,4.0,15.0,3.0,20.0,19.0,6.0,Normal,754.02,29.24165144852337,329.0,39.64583874585025,alto_gasto_pagamento_baixos,346.4222010959835,Standard,0,1,0,0,1
44349,6,40.0,gerente,35824.65,7.0,4.0,15.0,3.0,16.0,18.0,6.0,Normal,754.02,25.7699994825002,330.0,39.64583874585025,baixo_gasto_pagamento_baixo,118.597859872092,Standard,0,1,0,0,1
44349,7,40.0,gerente,35824.65,7.0,4.0,15.0,3.0,16.0,19.0,6.0,Normal,754.02,28.99975115687169,331.0,39.64583874585025,alto_gasto_pagamento_alto,468.6951973565146,Standard,0,1,0,0,1
44349,8,41.0,gerente,35824.65,7.0,4.0,15.0,3.0,16.0,19.0,6.0,Normal,754.02,28.96722439849649,332.0,39.64583874585025,alto_gasto_pagamento_baixos,451.4676118268194,Standard,0,1,0,0,1
3103,1,21.0,arquiteto,9000.425,7.0,4.0,31.0,3.0,25.0,8.0,6.0,Normal,1662.33,37.02029482403564,172.0,16.736429283576438,baixo_gasto_pagamento_baixo,255.98868092747315,Poor,1,0,1,0,0
3103,2,20.0,arquiteto,9000.425,7.0,4.0,31.0,3.0,26.0,8.0,6.0,Normal,1662.33,30.4215403932184,173.0,16.736429283576438,alto_gasto_pagamento_alto,281.8849344408532,Poor,1,0,1,0,0
3103,3,20.0,arquiteto,9000.425,7.0,4.0,31.0,3.0,26.0,9.0,6.0,Normal,1662.33,24.32049472780329,174.0,16.736429283576438,baixo_gasto_pagamento_baixo,262.92875261657014,Poor,1,0,1,0,0
3103,4,20.0,arquiteto,9000.425,7.0,4.0,31.0,3.0,26.0,10.0,6.0,Normal,1662.33,33.13806338992681,175.0,16.736429283576438,baixo_gasto_pagamento_baixo,283.3700148218858,Poor,1,0,1,0,0
3103,5,20.0,arquiteto,9000.425,7.0,4.0,31.0,3.0,26.0,9.0,6.0,Normal,1662.33,36.601710809363006,176.0,16.736429283576438,baixo_gasto_pagamento_baixo,278.3555964337062,Poor,1,0,1,0,0
3103,6,21.0,arquiteto,9000.425,7.0,4.0,31.0,3.0,23.0,9.0,7.0,Normal,1662.33,34.599946605559225,177.0,16.736429283576438,baixo_gasto_pagamento_baixo,314.31112963034894,Standard,1,0,1,0,0
3103,7,21.0,arquiteto,9000.425,7.0,4.0,31.0,3.0,26.0,9.0,7.0,Normal,1662.33,36.023504423268214,178.0,16.736429283576438,baixo_gasto_pagamento_baixo,261.423348162078,Poor,1,0,1,0,0
3103,8,21.0,arquiteto,9000.425,7.0,4.0,31.0,3.0,22.0,8.0,7.0,Normal,1662.33,37.37773074026896,179.0,16.736429283576438,baixo_gasto_pagamento_baixo,292.62677216642896,Poor,1,0,1,0,0
2250,1,28.0,musico,35349.2,6.0,7.0,20.0,3.0,20.0,11.0,1.0,Normal,551.36,29.40410994867771,190.0,36.77557235097321,alto_gasto_pagamento_medio,428.5028201286559,Standard,0,1,0,0,1
2250,2,29.0,musico,35349.2,6.0,7.0,20.0,3.0,20.0,11.0,1.0,Normal,551.36,23.98037915444804,191.0,36.77557235097321,baixo_gasto_pagamento_medio,259.99230118198346,Standard,0,1,0,0,1
2250,3,28.0,musico,35349.2,6.0,7.0,20.0,3.0,20.0,11.0,1.0,Normal,551.36,24.989963368681327,192.0,36.77557235097321,baixo_gasto_pagamento_medio,297.9985516693243,Standard,0,1,0,0,1
2250,4,28.0,musico,35349.2,6.0,7.0,20.0,3.0,20.0,8.0,1.0,Normal,551.36,27.547198944712648,193.0,36.77557235097321,baixo_gasto_pagamento_alto,256.70268230735576,Standard,0,1,0,0,1
2250,5,28.0,musico,35349.2,6.0,7.0,20.0,3.0,20.0,11.0,1.0,Normal,551.36,38.388854824400894,194.0,36.77557235097321,baixo_gasto_pagamento_baixo,201.99919160960704,Standard,0,1,0,0,1
2250,6,29.0,musico,35349.2,6.0,7.0,20.0,3.0,20.0,8.0,2.0,Normal,551.36,23.02270821869556,195.0,36.77557235097321,alto_gasto_pagamento_medio,367.8892252584132,Standard,0,1,0,0,1
2250,7,29.0,musico,35349.2,6.0,7.0,20.0,3.0,19.0,11.0,2.0,Normal,551.36,36.4754997592274,196.0,36.77557235097321,baixo_gasto_pagamento_medio,386.0630035622448,Standard,0,1,0,0,1
2250,8,29.0,musico,35349.2,6.0,7.0,20.0,3.0,20.0,11.0,2.0,Normal,551.36,30.100260588375047,197.0,36.77557235097321,baixo_gasto_pagamento_baixo,199.29413573389,Standard,0,1,0,0,1
10648,1,41.0,advogado,20889.65,6.0,10.0,19.0,5.0,54.0,20.0,12.0,Ruim,4323.55,37.84587351656873,56.0,20.458926949109102,alto_gasto_pagamento_medio,307.8407985427358,Poor,1,0,0,1,0
10648,2,41.0,advogado,20889.65,6.0,10.0,19.0,5.0,54.0,21.0,12.0,Ruim,4323.55,30.044088964026948,57.0,20.458926949109102,baixo_gasto_pagamento_baixo,209.4832225987502,Poor,1,0,0,1,0
